transaction_name,matched_building_name,match_score
Admiralty Centre 2 Harcourt Road,Admiralty Centre Tower 2,85.71428571428571
Far East Finance Centre Harcourt Road,Far East Finance Centre,100.0
United Centre Queensway,United Centre,100.0
Cheung Kong Center II,Cheung Kong Center II,100.0
The Henderson,The Henderson,100.0
Cheung Kong Centre II,Cheung Kong Center II,95.23809523809524
Citic Tower Tim Mei Avenue,Citic Tower,100.0
Admiralty Centre 2,Admiralty Centre Tower 2,100.0
Admiralty Centre,Admiralty Centre Tower 1,100.0
United Centre,United Centre,100.0
Far East Finance Centre,Far East Finance Centre,100.0
Lippo Tower,"Lippo Centre, Tower 2",100.0
Sing Woo Building Sing Woo Road,Woo Sing Kee Industrial Building,87.17948717948718
Chinachem Leighton Plaza Leighton Road,Chinachem Leighton Plaza,100.0
Sing Woo Building,Woo Sing Kee Industrial Building,100.0
Chinachem Leighton Plaza,Chinachem Leighton Plaza,100.0
Walton Estate Chai Wan Road,83 Wan Chai Road,89.65517241379311
Golden Mine Building Chai Wan Road,83 Wan Chai Road,89.65517241379311
Koway Court Chai Wan Road,83 Wan Chai Road,89.65517241379311
Lok Hin Terrace Chai Wan Road,83 Wan Chai Road,89.65517241379311
Eltee Building,Eltee Building,100.0
Winner Centre Chai Wan Road,83 Wan Chai Road,89.65517241379311
341 Chai Wan Road,83 Wan Chai Road,90.9090909090909
New Jade Gardens Chai Wan Road,83 Wan Chai Road,89.65517241379311
Eight Commercial Tower,Eight Commercial Tower,100.0
228 Electric Road,228 Electric Road,100.0
Sup Tower King's Road,Sup Tower,100.0
Victoria Centre Watson Road,Watson Centre,100.0
Aia Tower,AIA Tower,100.0
Fat Cheong Building,Cheong Fat Factory Building,100.0
Citicorp Centre,Citicorp Centre,100.0
Tai Wah Building,Wah Tai Industrial Building,100.0
Sup Tower,Sup Tower,100.0
Eastern Central Plaza,Central Plaza,100.0
Eastern Commercial Centre,Eastern Commercial Centre,100.0
Horizon East,Horizon East,100.0
Eastern Commercial Centre ,Eastern Commercial Centre,100.0
Tung Tai Building,Tai Tung Building,100.0
Centro-sound Industrial Building,Centro-Sound Industrial Building,100.0
Eastern Central Plaza ,Central Plaza,100.0
Yue Fai Commercial,Yue Fai Commercial Centre,100.0
Hong Kong Industrial Building Des Voeux Road West,Hong Kong Industrial Building,100.0
Bank Building,Bangkok Bank Building,100.0
Elite Court Centre Street,Elite Centre,100.0
Hong Kong Plaza Connaught Road West,Hong Kong Plaza,100.0
Mon Hing Factory Building,Mow Hing Factory Building,96.0
Cheung Fat Building ,Cheung Fat Building (WD),100.0
Bank Building ,Bangkok Bank Building,100.0
General Building ,Chinese General Chamber Of Commerce Building,100.0
Causeway Bay Plaza 2 Lockhart Road,Causeway Bay Plaza 2,100.0
United Success Commercial Centre,United Centre,100.0
Causeway Bay Plaza 2,Causeway Bay Plaza 2,100.0
Golden Bloom Centre,Golden Centre,100.0
Ying Kong Mansion Yee Wo Street,68 Yee Wo Street,89.65517241379311
Plaza 2000 Russell Street,Plaza 2000,100.0
Causeway Place Yee Wo Street,68 Yee Wo Street,89.65517241379311
Health Aura Keswick Street,Health Aura,100.0
Causeway Bay Plaza 1 Hennessy Road,Causeway Bay Plaza 1,100.0
Kyoto Plaza Lockhart Road,Kyoto Plaza,100.0
Guangdong Tours Centre Pennington Street,Guangdong Tours Centre,100.0
Sino Plaza Gloucester Road,Sino Plaza,100.0
Empire Court Hysan Avenue,One Hysan Avenue,85.71428571428571
World Trade Centre Gloucester Road,World Trade Centre,100.0
Cameron Commercial Centre Hennessy Road,Cameron Commercial Centre,100.0
Hong Kong Mansion Yee Wo Street,68 Yee Wo Street,89.65517241379311
Goldmark Hennessy Road,Goldmark,100.0
Catic Plaza Causeway Road,Catic Plaza,100.0
Paliburg Plaza Yee Wo Street,68 Yee Wo Street,89.65517241379311
Hang Lung Centre Paterson Street,Hang Lung Centre,100.0
Soundwill Plaza Russell Street,Soundwill Plaza,100.0
Circle Tower Tang Lung Street,Circle Tower,100.0
Phoenix Apartment Hysan Avenue,One Hysan Avenue,85.71428571428571
Mcdonold's Building Yee Wo Street,68 Yee Wo Street,89.65517241379311
Hysan Place Hennessy Road,Hysan Place,100.0
9-15 Yee Wo Street,68 Yee Wo Street,89.65517241379311
East Exchange Tower,Exchange Tower,100.0
Island Beverley Great George Street,Island Beverley,100.0
60-62 Yee Wo Street,68 Yee Wo Street,89.65517241379311
Hk Chinese Bank Causeway Bay Centre Yee Wo Street,68 Yee Wo Street,89.65517241379311
Fortune Centre Yun Ping Road,Fortune Centre,100.0
Progress Commercial Building Irving Street,Progress Commercial Building,100.0
Tower 535 Jaffe Road,Tower 535,100.0
Lok Sing Centre Yee Wo Street,68 Yee Wo Street,89.65517241379311
20 Yee Wo Street,22 Yee Wo Street,93.75
18 Yee Wo Street,68 Yee Wo Street,93.75
Lippo Leighton Tower Leighton Road,Lippo Leighton Tower,100.0
Kwong On Building Yee Wo Street,68 Yee Wo Street,89.65517241379311
16 Yee Wo Street,68 Yee Wo Street,93.75
Capital Centre Gloucester Road,Capital Centre,100.0
HDH Centre Pennington Street,HDH Centre,100.0
The Lee Gardens Hysan Avenue,One Hysan Avenue,85.71428571428571
1 Yee Wo Street,68 Yee Wo Street,92.85714285714286
San Kei Tower Yee Wo Street,68 Yee Wo Street,89.65517241379311
22 Yee Wo Street,22 Yee Wo Street,100.0
Island Building,Island Industrial Building,100.0
19-31 Yee Wo Street,68 Yee Wo Street,89.65517241379311
Leighton Centre Leighton Road,Leighton Centre,100.0
Circle Plaza Hennessy Road,Circle Plaza,100.0
Golden Bloom Centre Jardine's Bazaar,Golden Centre,100.0
One Hyson Avenue Hysan Avenue,One Hysan Avenue,100.0
Eton Tower Hysan Avenue,Eton Tower,100.0
Circle Tower,Circle Tower,100.0
Kyoto Plaza,Kyoto Plaza,100.0
Lee Fat Building,Fat Lee Industrial Building,100.0
United Success Commercial Centre ,United Centre,100.0
Plaza 2000,Plaza 2000,100.0
Midtown,One Midtown,100.0
Fortune Centre,Fortune Centre,100.0
Causeway Bay Plaza 1,Causeway Bay Plaza 1,100.0
Golden Bloom Centre ,Golden Centre,100.0
Island Beverley,Island Beverley,100.0
United Building,United Factory Building,100.0
Progress Commercial Building,Progress Commercial Building,100.0
Park Avenue Tower,Park Avenue Tower,100.0
East Exchange Tower ,Exchange Tower,100.0
Cameron Commercial Centre,Cameron Commercial Centre,100.0
Sino Plaza,Sino Plaza,100.0
Leighton Centre,Leighton Centre,100.0
Circle Plaza,Circle Plaza,100.0
Soundwill Plaza,Soundwill Plaza,100.0
Eton Tower,Eton Tower,100.0
Goldmark,Goldmark,100.0
World Trade Centre,World Trade Centre,100.0
Island Building ,Island Industrial Building,100.0
Duke Wellington House Wellington Street,Duke Wellington House,100.0
Universal Trade Centre Caine Road,Universal Trade Centre,100.0
On Building,Chung On Industrial Building,100.0
The Galleria Queen's Road Central,8 Queen's Road Central,95.23809523809524
South China Building,China Building,100.0
168 Queen's Road Central,181 Queen's Road Central,95.83333333333333
Wings Building Queen's Road Central,8 Queen's Road Central,95.23809523809524
Malahon Centre Stanley Street,Malahon Centre,100.0
The Loop Wellington Street,The Wellington,100.0
Lucky Building,Lucky Building (TKW),100.0
Yip Fung Building,Yip Fung Industrial Building,100.0
Jade Centre Wellington Street,Jade Centre,100.0
Coda Commercial Centre Queen's Road Central,8 Queen's Road Central,95.23809523809524
Man Hing Commercial Building Queen's Road Central,8 Queen's Road Central,95.23809523809524
Kamming House Queen's Road Central,8 Queen's Road Central,95.23809523809524
Wing On House Des Voeux Road Central,Wing On House,100.0
Century Square D'aguilar Street,Century Square,100.0
Central Building,Central Industrial Building,100.0
The L. Place Queen's Road Central,8 Queen's Road Central,95.23809523809524
Union Commercial Building Lyndhurst Terrace,Union Building,100.0
Chinachem Tower,Chinachem Century Tower,100.0
Nexxus Building Des Voeux Road Central,Nexxus Building,100.0
New York House,York House,100.0
8 Wyndham Street,8 Wyndham Street,100.0
Agricultural Bank of China Tower,Bank Of China Tower,91.42857142857143
Euro Trade Centre Des Voeux Road Central,Euro Trade Centre,100.0
Union Comm. Building,Union Building,100.0
Kimley Commercial Building Queen's Road Central,8 Queen's Road Central,95.23809523809524
Chung Hing Comm Bldg Connaught Road Central,128 Connaught Road Central,91.66666666666667
Hip Shing Hong Centre Des Voeux Road Central,Hip Shing Hong Centre,100.0
Pacific House Queen's Road Central,8 Queen's Road Central,95.23809523809524
Grand Building,Grand Industrial Building,100.0
Bank Of America Tower Harcourt Road,Bank of America Tower,92.3076923076923
Two Chinachem Plaza Des Voeux Road Central,Two Chinachem Central,100.0
Parker House Queen's Road Central,8 Queen's Road Central,95.23809523809524
Man Yee Building Des Voeux Road Central,Man Yee Building,100.0
Entertainment Building Queen's Road Central,Entertainment Building,100.0
Peter Building Queen's Road Central,Peter Building,100.0
100 Queen's Road Central,100 Queen's Road Central,100.0
35 QRC Queen's Road Central,8 Queen's Road Central,95.23809523809524
H Queen's Queen's Road Central,8 Queen's Road Central,95.45454545454545
The Bauhinia (Korea Centre) Connaught Road Central,128 Connaught Road Central,91.66666666666667
Melbourne Plaza Queen's Road Central,Melbourne Plaza,100.0
The Pottinger Hong Kong Queen's Road Central,8 Queen's Road Central,95.23809523809524
V. Heun Building Queen's Road Central,8 Queen's Road Central,95.23809523809524
Luk Hoi Tung Building Queen's Road Central,8 Queen's Road Central,95.23809523809524
On Building Queen's Road Central,8 Queen's Road Central,95.23809523809524
The Centrium Wyndham Street,The Centrium,100.0
Shun Tak Centre Connaught Road Central,128 Connaught Road Central,91.66666666666667
Yu To Sang Building Queen's Road Central,8 Queen's Road Central,95.23809523809524
Aie Building Connaught Road Central,128 Connaught Road Central,91.66666666666667
85 Queen's Road Central,8 Queen's Road Central,97.77777777777777
Regent Centre,Regent Centre A,100.0
242 Queen's Road Central,8 Queen's Road Central,95.23809523809524
Asia Standard Tower Queen's Road Central,Asia Standard Tower,100.0
55 Queen's Road Central,8 Queen's Road Central,95.23809523809524
New World Tower Queen's Road Central,Central Tower,100.0
Queen's Road Centre Queen's Road Central,8 Queen's Road Central,95.23809523809524
Eubank Plaza Chiu Lung Street,Eubank Plaza,100.0
282 Queen's Road Central,8 Queen's Road Central,95.65217391304348
80 Queen's Road Central,8 Queen's Road Central,97.77777777777777
Grand Millennium Plaza Queen's Road Central,Central Plaza,100.0
Fung House Connaught Road Central,128 Connaught Road Central,91.66666666666667
Tung Ming Building,Tung Ming Industrial Building,100.0
Hing Wai Building Queen's Road Central,Hing Wai Building,100.0
Lansing House Queen's Road Central,8 Queen's Road Central,95.23809523809524
The Center Queen's Road Central,The Center,100.0
237-251 Queen's Road Central,8 Queen's Road Central,95.23809523809524
Sing Pao Centre Queen's Road Central,8 Queen's Road Central,95.23809523809524
New York House Connaught Road Central,York House,100.0
118 Queen's Road Central,181 Queen's Road Central,95.83333333333333
Canton House Queen's Road Central,8 Queen's Road Central,95.23809523809524
Chuang's Tower Connaught Road Central,Central Tower,100.0
237 Queen's Road Central,8 Queen's Road Central,95.23809523809524
370 Queen's Road Central,8 Queen's Road Central,95.23809523809524
Manning House Queen's Road Central,8 Queen's Road Central,95.23809523809524
Hong Kong Diamond Exchange Building Duddell Street,Hong Kong Diamond Exchange Building,100.0
Luen Shing Building Queen's Road Central,8 Queen's Road Central,95.23809523809524
Central Mansion Queen's Road Central,8 Queen's Road Central,95.23809523809524
Bocg Insurance Tower Des Voeux Road Central,Central Tower,100.0
China Building Queen's Road Central,China Building,100.0
Car Po Commercial Building Lyndhurst Terrace,Car Po Commercial Building,100.0
323 Queen's Road Central,8 Queen's Road Central,95.23809523809524
Sunwise Building,Sunwise Industrial Building,100.0
Hollywood Terrace Queen's Road Central,8 Queen's Road Central,95.23809523809524
34-37 Connaught Road Central,128 Connaught Road Central,91.66666666666667
Lane Crawford House Queen's Road Central,Crawford House,100.0
Prosperity Tower Queen's Road Central,Central Tower,100.0
United Building ,United Factory Building,100.0
Union Comm. Building ,Union Building,100.0
On Building ,Chung On Industrial Building,100.0
Agricultural Bank of China Tower ,Bank Of China Tower,91.42857142857143
Century Square,Century Square,100.0
Yip Fung Building ,Yip Fung Industrial Building,100.0
Lucky Building ,Lucky Building (TKW),100.0
Man Yee Building,Man Yee Building,100.0
Car Po Commercial Building,Car Po Commercial Building,100.0
The Centrium,The Centrium,100.0
Regent Centre ,Regent Centre A,100.0
168 Queen's Road Central ,181 Queen's Road Central,95.83333333333333
Chuang's Tower,Chuang's Tower,100.0
Far East Consortium Building,Far East Consortium Building (Central),100.0
Tung Ming Building ,Tung Ming Industrial Building,100.0
South China Building ,China Building,100.0
King Ho Building,Ho King Factory Building,100.0
Central Building ,Central Industrial Building,100.0
Tern Centre Tower 1,"Tern Centre, Tower 1",97.43589743589743
Malahon Centre,Malahon Centre,100.0
Euro Trade Centre,Euro Trade Centre,100.0
Chinachem Tower ,Chinachem Century Tower,100.0
Peter Building,Peter Building,100.0
Entertainment Building,Entertainment Building,100.0
Duke Wellington House,Duke Wellington House,100.0
Grand Building ,Grand Industrial Building,100.0
China Insurance Group Bldg,China Insurance Group Building,92.85714285714286
Bank Of America Tower,Bank of America Tower,100.0
New York House ,York House,100.0
Union Commercial Building,Union Building,100.0
Henley Building,Henley Building,100.0
55 Queen's Road Central ,8 Queen's Road Central,95.23809523809524
China Building,China Building,100.0
Melbourne Plaza,Melbourne Plaza,100.0
Golden Centre,Golden Centre,100.0
Bank Of China Building ,China Building,100.0
129 Queen's Road Central ,8 Queen's Road Central,95.23809523809524
Asia Standard Tower,Asia Standard Tower,100.0
Nexxus Building,Nexxus Building,100.0
118 Queen's Road Central ,181 Queen's Road Central,95.83333333333333
Jade Centre,Jade Centre,100.0
Overseas Trust Bank Building,Overseas Trust Bank Building WC,100.0
New World Tower,New World Tower I,100.0
Sunwise Building ,Sunwise Industrial Building,100.0
Bank Tower,Bank of America Tower,100.0
Henan Electric Development Building King's Road,Henan Building,100.0
Henan Electric Development Building,Henan Building,100.0
China Harbour Building,China Building,100.0
16 Tin Hau Temple Road,3 Tin Hau Road,92.3076923076923
China United Centre Marble Road,United Centre,100.0
Chinachem Exchange Square,Two Chinachem Exchange Square,100.0
Fortress Tower King's Road,Fortress Tower,100.0
3 Tin Hau Temple Road,3 Tin Hau Road,100.0
Nam Pak Hong Building,Nam Wo Hong Building,91.89189189189189
Cheong Lee Building Tsat Tsz Mui Road,Cheong Lee Building,100.0
17 Tin Hau Temple Road,3 Tin Hau Road,92.3076923076923
Henan Electric Development Building ,Henan Building,100.0
Bank Tower ,Bank of America Tower,100.0
Fortress Tower,Fortress Tower,100.0
China Harbour Building ,China Building,100.0
Hung Fuk Building,Hung Fuk Factory Building,100.0
Kin Ming Court,Ka Ming Court,88.88888888888889
Island Place,Island Place Tower,100.0
North Point Industrial Building,North Point Industrial Building,100.0
Island Place Tower,Island Place Tower,100.0
Nam Pak Hong Building ,Nam Wo Hong Building,91.89189189189189
New Trend Plaza - North Point Centre ,Trend Centre,100.0
Eastern Harbour Centre,Eastern Centre,100.0
4 Hoi Tai Street,4 Tai Yip Street,87.5
Kam Fung Building,Kam Man Fung Factory Building,100.0
Chinachem Exchange Square ,Two Chinachem Exchange Square,100.0
AIA Hong Kong Tower ,AIA Tower,100.0
Kam Fung Building ,Kam Man Fung Factory Building,100.0
Tai Hong Building Shau Kei Wan Road,Hong Tai Building,100.0
Tai Hong Building,Hong Tai Building,100.0
Champion Building,Champion Building,100.0
Kam Sang Building Des Voeux Road Central,Kam Sang Building,100.0
Nam Wo Hong Building Wing Lok Street,Nam Wo Hong Building,100.0
Ha Lung Building,Ha Lung Industrial Building,100.0
Wah Koon Building Hollywood Road,Koon Wah Building,100.0
Golden Centre Des Voeux Road Central,Golden Centre,100.0
Wing Cheong Commercial Building Jervois Street,Wing On Cheong Building,93.02325581395348
Golden Sun Centre,Golden Centre,100.0
Gold Union Commercial Building,Union Building,100.0
Shum Tower Des Voeux Road Central,Central Tower,100.0
Wayson Commercial Building Connaught Road West,Wayson Commercial Building,100.0
Bangkok Bank Building,Bangkok Bank Building,100.0
Wing Cheong Commercial Building,Wing On Cheong Building,93.02325581395348
Finance Building,Guangdong Finance Building,100.0
Harvest Building,Golden Harvest Building,100.0
Kai Fung Building Queen's Road Central,8 Queen's Road Central,95.23809523809524
Unionway Commercial Centre Queen's Road Central,8 Queen's Road Central,95.23809523809524
Siu Ying Commercial Building Queen's Road Central,8 Queen's Road Central,95.23809523809524
Hillier Building Queen's Road Central,8 Queen's Road Central,95.23809523809524
Centre Mark Ii Queen's Road Central,8 Queen's Road Central,95.23809523809524
Nan Dao Commercial Building Queen's Road Central,8 Queen's Road Central,95.23809523809524
Connaught Marina Connaught Road West,Connaught Marina,100.0
Full View Building,Full View Factory Building,100.0
Nan Fung Tower Des Voeux Road Central,Central Tower,100.0
Hong Kong Jewellery Building Queen's Road Central,8 Queen's Road Central,95.23809523809524
Yick Fung Building,Yick Fung Group Building,100.0
Overseas Trust Bank Building Des Voeux Road Central,Overseas Trust Bank Building WC,94.91525423728814
Wing Fat Building,Wing Fat Industrial Building,100.0
Tai Shing Building,Tai Shing Industrial Building,100.0
Lee Kee Commercial Building Queen's Road Central,8 Queen's Road Central,95.23809523809524
Wai Hing Commercial Building Wing Wo Street,Hing Wai Building,100.0
Fook Sing Court Queen's Road Central,8 Queen's Road Central,95.23809523809524
325 Queen's Road Central,8 Queen's Road Central,95.23809523809524
Lee Fung Building Queen's Road Central,8 Queen's Road Central,95.23809523809524
Welland Building Queen's Road Central,8 Queen's Road Central,95.23809523809524
321-329 Queen's Road Central,8 Queen's Road Central,95.23809523809524
CNT Commercial Building Queen's Road Central,8 Queen's Road Central,95.23809523809524
Tern Centre Tower 1 Queen's Road Central,Central Tower,100.0
299 QRC Queen's Road Central,299 QRC,100.0
The L. Plaza Queen's Road Central,Central Plaza,100.0
Alliance Building Connaught Road Central,Alliance Building,100.0
Goldfield Building,Goldfield Industrial Building II,100.0
Overseas Trust Bank Bldg,Overseas Trust Bank Building WC,88.37209302325581
Tung Lee Commercial Building,Tung Lee Building,100.0
219 Queen's Road Central,8 Queen's Road Central,95.23809523809524
Gold Shine Tower Queen's Road Central,Central Tower,100.0
Wai Hing Commercial Building,Hing Wai Building,100.0
Champion Building Des Voeux Road Central,Champion Building,100.0
West Exchange Tower,Exchange Tower,100.0
Arion Commercial Centre Queen's Road West,Arion Commercial Centre,100.0
Seaview Commercial Building Connaught Road West,Seaview Commercial Building,100.0
340 Queen's Road Central,8 Queen's Road Central,95.23809523809524
Richmake Commercial Building Queen's Road Central,8 Queen's Road Central,95.23809523809524
Midland Centre Queen's Road Central,8 Queen's Road Central,95.23809523809524
Wing Fai Bldg,Wing Fai Building,86.66666666666667
Enterprise Building Queen's Road Central,8 Queen's Road Central,95.23809523809524
20 Wing Kut Street,20 Wing Hong Street,87.5
Yue Thai Comm Bldg Connaught Road Central,128 Connaught Road Central,91.66666666666667
Hang Lung House Queen's Road Central,8 Queen's Road Central,95.23809523809524
Tai King Building,Tai King Industrial Building,100.0
Wing On Cheong Building Wing Lok Street,Wing On Cheong Building,100.0
Wai Hing Commercial Building ,Hing Wai Building,100.0
Golden Sun Centre ,Golden Centre,100.0
Finance Building ,Guangdong Finance Building,100.0
Wing Cheong Commercial Building ,Wing On Cheong Building,93.02325581395348
Yick Fung Building ,Yick Fung Group Building,100.0
West Exchange Tower ,Exchange Tower,100.0
Full View Building ,Full View Factory Building,100.0
Champion Building ,Champion Building,100.0
Tung Lee Commercial Building ,Tung Lee Building,100.0
Cosco Tower,Cosco Tower,100.0
Bangkok Bank Building ,Bangkok Bank Building,100.0
Hang Cheong Tai Building ,Hang Cheong Factory Building,90.9090909090909
Tai Shing Building ,Tai Shing Industrial Building,100.0
Wah Koon Building,Koon Wah Building,100.0
Tern Centre Tower 2,"Tern Centre, Tower 2",97.43589743589743
Tai King Building ,Tai King Industrial Building,100.0
Harvest Building ,Golden Harvest Building,100.0
Goldfield Building ,Goldfield Industrial Building II,100.0
Ha Lung Building ,Ha Lung Industrial Building,100.0
Gold Union Commercial Building ,Union Building,100.0
Hing Lee Building ,Hing Lee Industrial Building,100.0
Alliance Building,Alliance Building,100.0
Kam Sang Building,Kam Sang Building,100.0
Hang Fat Building ,Hang Fat Industrial Building (Demolished),100.0
Wing Fat Building ,Wing Fat Industrial Building,100.0
Overseas Trust Bank Bldg ,Overseas Trust Bank Building WC,88.37209302325581
Hing Loong Building ,Sze Hing Loong Industrial Building,100.0
Universal Building ,Universal Industrial Building,100.0
Wing Fai Bldg ,Wing Fai Building,86.66666666666667
Marina Square East Centre South Horizon Drive,Horizon East,100.0
Rykadan One,Rykadan One,100.0
One Island South Heung Yip Road,One Island South,100.0
Hundsun International Center Heung Yip Road,Hundsun International Center,100.0
Rykadan One Wong Chuk Hang Road,Rykadan One,100.0
The Hub,The Hub,100.0
E Tat Factory Building Heung Yip Road,E Tat Factory Building,100.0
Rykadan One ,Rykadan One,100.0
S22,S22,100.0
23 Wong Chuk Hang Road,45 Wong Chuk Hang Road,92.6829268292683
Genesis Wong Chuk Hang Road,Genesis,100.0
Hing Wai Ice And Cold Storage Building,Hing Wai Building,100.0
54 Wong Chuk Hang Road,45 Wong Chuk Hang Road,95.45454545454545
28 Wong Chuk Hang Road,45 Wong Chuk Hang Road,92.6829268292683
Global Trade Square,Global Trade Square,100.0
One Island South,One Island South,100.0
Tai Yau Building Johnston Road,Tai Yau Building,100.0
177-179 Wan Chai Road,83 Wan Chai Road,89.65517241379311
Emperor Group Centre Hennessy Road,Emperor Group Centre,100.0
Bank Of East Asia Harbour View Centre,Harbour Centre,100.0
232 Wan Chai Road,83 Wan Chai Road,90.9090909090909
149 Wan Chai Road,83 Wan Chai Road,89.65517241379311
134 Wan Chai Road,83 Wan Chai Road,90.9090909090909
28 Wan Chai Road,83 Wan Chai Road,93.75
172 Johnston Road,Johnston Road,100.0
60 Johnston Road,Johnston Road,100.0
129-135 Johnston Road,Johnston Road,100.0
94-102 Johnston Road,Johnston Road,100.0
Shiu Fung Commercial Building Johnston Road,Johnston Road,100.0
208 Johnston Road,Johnston Road,100.0
Five Pacific Place,One Pacific Place,86.66666666666667
Lee Cheong Building Wan Chai Road,Cheong Lee Building,100.0
234-236 Wan Chai Road,83 Wan Chai Road,89.65517241379311
18 Johnston Road,Johnston Road,100.0
151-155 Johnston Road,Johnston Road,100.0
212-214 Wan Chai Road,83 Wan Chai Road,89.65517241379311
One Capital Place Luard Road,One Capital Place,100.0
176 Johnston Road,Johnston Road,100.0
333 Hennessy Hennessy Road,333 Hennessy,100.0
138 Wan Chai Road,83 Wan Chai Road,90.9090909090909
Six Pacific Place,One Pacific Place,86.66666666666667
Zenith Wan Chai Road,83 Wan Chai Road,89.65517241379311
141-147 Johnston Road,Johnston Road,100.0
Lucky Centre Wan Chai Road,83 Wan Chai Road,89.65517241379311
25-33 Johnston Road,Johnston Road,100.0
40-54 Wan Chai Road,83 Wan Chai Road,89.65517241379311
Kam Chung Building,Kam Chung Factory Building,100.0
Tak Lee Commercial Building Wan Chai Road,83 Wan Chai Road,89.65517241379311
151-163 Wan Chai Road,83 Wan Chai Road,89.65517241379311
United Success Comm. Centre Jaffe Road,United Centre,100.0
Wan Chai Computer Centre Hennessy Road,83 Wan Chai Road,89.65517241379311
20-26 Johnston Road,Johnston Road,100.0
Cathay 88 Wan Chai Road,83 Wan Chai Road,89.65517241379311
Centre Point,East Point Centre,100.0
FLK Tower Johnston Road,Johnston Road,100.0
2-12 Johnston Road,Johnston Road,100.0
51-55 Wan Chai Road,83 Wan Chai Road,89.65517241379311
The Avenue Johnston Road,Johnston Road,100.0
162-164 Wan Chai Road,83 Wan Chai Road,89.65517241379311
KONNECT Jaffe Road,KONNECT,100.0
74-80 Johnston Road,Johnston Road,100.0
C C Wu Building Hennessy Road,C C Wu Building,100.0
56-60 Wan Chai Road,83 Wan Chai Road,89.65517241379311
208-212 Johnston Road,Johnston Road,100.0
205-207 Wan Chai Road,83 Wan Chai Road,89.65517241379311
113 Johnston Road,Johnston Road,100.0
14-16 Johnston Road,Johnston Road,100.0
The Sun's Group Centre Gloucester Road,The Sun's Group Centre,100.0
Wan Chai Commercial Centre Johnston Road,Johnston Road,100.0
39-49 Wan Chai Road,83 Wan Chai Road,89.65517241379311
Fu Yuen,Fu Yuen Industrial Building,100.0
124-126 Wan Chai Road,83 Wan Chai Road,89.65517241379311
144 Johnston Road,Johnston Road,100.0
59-63 Wan Chai Road,83 Wan Chai Road,89.65517241379311
Sing-Ho Finance Building Gloucester Road,Sing-Ho Finance Building,100.0
130-136 Johnston Road,Johnston Road,100.0
148 Johnston Road,Johnston Road,100.0
106-114 Wan Chai Road,83 Wan Chai Road,89.65517241379311
128 Wan Chai Road,83 Wan Chai Road,90.9090909090909
Shui On Centre Harbour Road,Harbour Centre,100.0
East Point Centre Hennessy Road,East Point Centre,100.0
62-76 Wan Chai Road,83 Wan Chai Road,89.65517241379311
150 Johnston Road,Johnston Road,100.0
188 Wan Chai Road,83 Wan Chai Road,90.9090909090909
161-163 Johnston Road,Johnston Road,100.0
Luen Tai Building Wan Chai Road,83 Wan Chai Road,89.65517241379311
109 Wan Chai Road,83 Wan Chai Road,89.65517241379311
Greatmany Centre Queen's Road East,Greatmany Centre,100.0
123 Wan Chai Road,83 Wan Chai Road,90.9090909090909
Great Eagle Centre Harbour Road,Harbour Centre,100.0
49 Johnston Road,Johnston Road,100.0
191-193 Johnston Road,Johnston Road,100.0
77-83 Wan Chai Road,83 Wan Chai Road,91.42857142857143
116 Johnston Road,Johnston Road,100.0
36-42 Johnston Road,Johnston Road,100.0
Morrison Plaza Morrison Hill Road,Morrison Plaza,100.0
124-128 Johnston Road,Johnston Road,100.0
211 Johnston Road,Johnston Road,100.0
35-45 Johnston Road,Johnston Road,100.0
221 Wan Chai Road,83 Wan Chai Road,89.65517241379311
55-61 Johnston Road,Johnston Road,100.0
178-186 Johnston Road,Johnston Road,100.0
Fu Kar Building Johnston Road,Johnston Road,100.0
50 Johnston Road,Johnston Road,100.0
Henan Building Jaffe Road,Henan Building,100.0
104 Johnston Road,Johnston Road,100.0
Times Media Centre Wan Chai Road,Times Media Centre,100.0
152-158 Wan Chai Road,83 Wan Chai Road,89.65517241379311
Qre Plaza Queen's Road East,Qre Plaza,100.0
Johnston Court Johnston Road,Johnston Road,100.0
128-150 Wan Chai Road,83 Wan Chai Road,89.65517241379311
Dominion Centre Queen's Road East,Dominion Centre,100.0
137-139 Johnston Road,Johnston Road,100.0
160 Johnston Road,Johnston Road,100.0
Connaught Commercial Building Wan Chai Road,83 Wan Chai Road,89.65517241379311
110-114 Johnston Road,Johnston Road,100.0
Man On House Wan Chai Road,83 Wan Chai Road,89.65517241379311
201 Wan Chai Road,83 Wan Chai Road,89.65517241379311
28-34 Johnston Road,Johnston Road,100.0
214-216 Johnston Road,Johnston Road,100.0
Tai Tung Building Fleming Road,Tai Tung Building,100.0
75 Wan Chai Road,83 Wan Chai Road,89.65517241379311
181 Wan Chai Road,83 Wan Chai Road,90.9090909090909
87 Wan Chai Road,83 Wan Chai Road,93.75
Prime Mansion Johnston Road,Johnston Road,100.0
142 Wan Chai Road,83 Wan Chai Road,89.65517241379311
48 Johnston Road,Johnston Road,100.0
121 Wan Chai Road,83 Wan Chai Road,89.65517241379311
108 Johnston Road,Johnston Road,100.0
Shun Fat Building,Shun Fat Industrial Building,100.0
Sang Woo Building Gloucester Road,Sang Woo Building,100.0
80 Gloucester Road,80 Gloucester Road,100.0
144 Wan Chai Road,83 Wan Chai Road,89.65517241379311
Eastern Commercial Centre Hennessy Road,Eastern Centre,100.0
203 Wan Chai Road,83 Wan Chai Road,90.9090909090909
Hong Kong Building,Hong Kong (Chai Wan) Industrial Building,100.0
Luen Tai Building,Luen Tai Industrial Building,100.0
Bank Of East Asia Harbour View Centre ,Harbour Centre,100.0
KONNECT,KONNECT,100.0
Greatmany Centre,Greatmany Centre,100.0
Five Pacific Place ,One Pacific Place,86.66666666666667
Centre Point ,East Point Centre,100.0
United Success Comm. Centre,United Centre,100.0
Emperor Group Centre,Emperor Group Centre,100.0
Lee Cheong Building,Cheong Lee Building,100.0
Kwan Chart Tower,Kwan Chart Tower,100.0
Times Media Centre,Times Media Centre,100.0
Overseas Building ,China Overseas Building,100.0
C C Wu Building,C C Wu Building,100.0
Fu Yuen Building,Fu Yuen Industrial Building,100.0
Siu On Centre,Siu On Centre,100.0
China Resources Building,China Resources Building,100.0
Tai Yau Building,Tai Yau Building,100.0
Qre Plaza,Qre Plaza,100.0
Kam Chung Building ,Kam Chung Factory Building,100.0
Fully Building,Fully Industrial Building,100.0
YF LIFE TOWER,YF Life Tower,100.0
162-164 Wan Chai Road ,83 Wan Chai Road,89.65517241379311
Fortune Building ,Fortune Factory Building A,100.0
160 Johnston Road ,Johnston Road,100.0
Laford Centre,Laford Centre,100.0
Elite Industrial Centre Cheung Sha Wan Road,Elite Industrial Centre,100.0
D2 Place Two,Two Pacific Place,85.71428571428571
Kimberland Centre Wing Hong St,Kimberland Centre,100.0
NCB Innovation Centre,NCB Innovation Centre,100.0
China Shipbuilding Tower,China Shipbuilding Tower,100.0
Chinachem 333 Plaza,Chinachem Leighton Plaza,88.23529411764706
On Fat Building Cheung Fat Street,Cheung Fat Building (WD),88.37209302325581
Cheung Sha Wan Plaza Cheung Sha Wan Road,Cheung Sha Wan Plaza 1,95.23809523809524
833 Cheung Sha Wan Road,790-796 Cheung Sha Wan Road,90.47619047619048
83 Wing Hong St,83 Wing Hong Street,88.88888888888889
Billion Plaza 2,Billion Plaza,100.0
Peninsula Tower Castle Peak Rd,Peninsula Tower,100.0
Lai Sun Commercial Centre Cheung Sha Wan Road,909 Cheung Sha Wan Road,90.47619047619048
83 Wing Hong Street,83 Wing Hong Street,100.0
889 Cheung Sha Wan Road,909 Cheung Sha Wan Road,91.30434782608695
83 King Lam Street Tower A,83 King Lam Street Tower A,100.0
83 King Lam Street Tower B,83 King Lam Street Tower B,100.0
62 Lai Chi Kok Road,822 Lai Chi Kok Road,92.3076923076923
36 Cheung Sha Wan Road,790-796 Cheung Sha Wan Road,92.6829268292683
325-329 Lai Chi Kok Road,822 Lai Chi Kok Road,88.88888888888889
Cheong Lee Building,Cheong Lee Building,100.0
137 Lai Chi Kok Road Lai Chi Kok Road,822 Lai Chi Kok Road,88.88888888888889
173 Cheung Sha Wan Road,790-796 Cheung Sha Wan Road,90.47619047619048
Banyan Garden Lai Chi Kok Road,822 Lai Chi Kok Road,88.88888888888889
178 Lai Chi Kok Road,822 Lai Chi Kok Road,90.0
208 Lai Chi Kok Road,822 Lai Chi Kok Road,90.0
233-239 Cheung Sha Wan Road,909 Cheung Sha Wan Road,90.47619047619048
Kwan Cheung Building Cheung Sha Wan Road,909 Cheung Sha Wan Road,90.47619047619048
189 Cheung Sha Wan Road,909 Cheung Sha Wan Road,91.30434782608695
Prosperity Court Lai Chi Kok Road,822 Lai Chi Kok Road,88.88888888888889
822 Lai Chi Kok Road,822 Lai Chi Kok Road,100.0
66 Lai Chi Kok Road,822 Lai Chi Kok Road,91.42857142857143
202-204 Cheung Sha Wan Road,909 Cheung Sha Wan Road,90.47619047619048
Premier Centre Cheung Shun Street,Premier Centre,100.0
9 Wing Hong St,9 Wing Hong Street,88.0
The Globe Wing Hong St,The Globe,100.0
320 Lai Chi Kok Road,822 Lai Chi Kok Road,90.0
227-229 Cheung Sha Wan Road,909 Cheung Sha Wan Road,90.47619047619048
China Shipbuilding Tower Cheung Sha Wan Road,China Shipbuilding Tower,100.0
171 Cheung Sha Wan Road,790-796 Cheung Sha Wan Road,90.47619047619048
206 Lai Chi Kok Road,822 Lai Chi Kok Road,90.0
183 Cheung Sha Wan Road,790-796 Cheung Sha Wan Road,90.47619047619048
33 Lai Chi Kok Road,822 Lai Chi Kok Road,91.42857142857143
888 Lai Chi Kok Road,822 Lai Chi Kok Road,90.0
9 Wing Lung Street,9 Wing Hong Street,88.88888888888889
Cheung Hing Building Cheung Sha Wan Road,909 Cheung Sha Wan Road,90.47619047619048
95-99 Cheung Sha Wan Road,909 Cheung Sha Wan Road,91.66666666666667
638 Cheung Sha Wan Road,790-796 Cheung Sha Wan Road,90.47619047619048
218 Cheung Sha Wan Road,790-796 Cheung Sha Wan Road,90.47619047619048
Cheung Fung Commercial Building Cheung Sha Wan Road,909 Cheung Sha Wan Road,90.47619047619048
Lai Heung Building Lai Chi Kok Road,822 Lai Chi Kok Road,88.88888888888889
238 Lai Chi Kok Road,822 Lai Chi Kok Road,90.0
260 Cheung Sha Wan Road,909 Cheung Sha Wan Road,91.30434782608695
56 Cheung Sha Wan Road,790-796 Cheung Sha Wan Road,92.6829268292683
9 Wing Hong Street,9 Wing Hong Street,100.0
Easy Tower,Easy Tower,100.0
266-268 Cheung Sha Wan Road,909 Cheung Sha Wan Road,90.47619047619048
376 Lai Chi Kok Road,822 Lai Chi Kok Road,88.88888888888889
D2 Place One,One Pacific Place,85.71428571428571
Liberte Lai Chi Kok Road,822 Lai Chi Kok Road,88.88888888888889
205-209 Cheung Sha Wan Road,909 Cheung Sha Wan Road,90.47619047619048
W668 Castle Peak Rd,W668,100.0
Global Gateway Tower,Global Gateway Tower,100.0
380 Lai Chi Kok Road,822 Lai Chi Kok Road,90.0
217 Cheung Sha Wan Road,790-796 Cheung Sha Wan Road,90.47619047619048
162-166 Cheung Sha Wan Road,909 Cheung Sha Wan Road,90.47619047619048
68-70 Cheung Sha Wan Road,909 Cheung Sha Wan Road,90.47619047619048
Peninsula Tower,Peninsula Tower,100.0
257-259 Lai Chi Kok Road,822 Lai Chi Kok Road,88.88888888888889
116-122 Cheung Sha Wan Road,909 Cheung Sha Wan Road,90.47619047619048
308 Lai Chi Kok Road,822 Lai Chi Kok Road,90.0
Orient International Tower,Orient International Tower,100.0
Metro Sham Shui Cheung Sha Wan Road,909 Cheung Sha Wan Road,90.47619047619048
204 Lai Chi Kok Road,822 Lai Chi Kok Road,90.0
68 Lai Chi Kok Road,822 Lai Chi Kok Road,92.3076923076923
909 Cheung Sha Wan Road,909 Cheung Sha Wan Road,100.0
231 Cheung Sha Wan Road,790-796 Cheung Sha Wan Road,90.47619047619048
187 Cheung Sha Wan Road,790-796 Cheung Sha Wan Road,90.47619047619048
280 Cheung Sha Wan Road,909 Cheung Sha Wan Road,91.30434782608695
131 Cheung Sha Wan Road,790-796 Cheung Sha Wan Road,90.47619047619048
790-794 Cheung Sha Wan Road,790-796 Cheung Sha Wan Road,96.29629629629629
317 Lai Chi Kok Road,822 Lai Chi Kok Road,88.88888888888889
364 Lai Chi Kok Road,822 Lai Chi Kok Road,88.88888888888889
Cheong Lok Building Cheung Sha Wan Road,909 Cheung Sha Wan Road,90.47619047619048
Cheung Lung Industrial Building Cheung Yee Street,Cheung Lung Industrial Building,100.0
Metropark Hotel Mongkok Lai Chi Kok Road,822 Lai Chi Kok Road,88.88888888888889
282-290 Lai Chi Kok Road,822 Lai Chi Kok Road,90.9090909090909
67 Lai Chi Kok Road,822 Lai Chi Kok Road,91.42857142857143
111 King Lam Street,83 King Lam Street Tower B,88.23529411764706
215 Cheung Sha Wan Road,790-796 Cheung Sha Wan Road,90.47619047619048
175 Cheung Sha Wan Road,790-796 Cheung Sha Wan Road,90.47619047619048
70 Lai Chi Kok Road,822 Lai Chi Kok Road,91.42857142857143
138 Lai Chi Kok Road,822 Lai Chi Kok Road,90.0
Cheung Lee Building Cheung Sha Wan Road,909 Cheung Sha Wan Road,90.47619047619048
184 Lai Chi Kok Road,822 Lai Chi Kok Road,90.0
324-330 Lai Chi Kok Road,822 Lai Chi Kok Road,88.88888888888889
Laws Commercial Plaza,Laws Commercial Plaza,100.0
86 Lai Chi Kok Road,822 Lai Chi Kok Road,92.3076923076923
263-267 Cheung Sha Wan Road,909 Cheung Sha Wan Road,90.47619047619048
302-304 Lai Chi Kok Road,822 Lai Chi Kok Road,88.88888888888889
742-748 Cheung Sha Wan Road,909 Cheung Sha Wan Road,90.47619047619048
Wah Shing Industrial Building Cheung Shun Street,Cheung Wah Industrial Building,100.0
264 Cheung Sha Wan Road,790-796 Cheung Sha Wan Road,90.47619047619048
790-792 Cheung Sha Wan Road,790-796 Cheung Sha Wan Road,96.29629629629629
250-252 Cheung Sha Wan Road,909 Cheung Sha Wan Road,90.47619047619048
132-134 Cheung Sha Wan Road,909 Cheung Sha Wan Road,90.47619047619048
40 Cheung Sha Wan Road,909 Cheung Sha Wan Road,93.33333333333333
65 Lai Chi Kok Road,822 Lai Chi Kok Road,91.42857142857143
60 Cheung Sha Wan Road,909 Cheung Sha Wan Road,93.33333333333333
Maison Rose Cheung Sha Wan Road,909 Cheung Sha Wan Road,90.47619047619048
332 Lai Chi Kok Road,822 Lai Chi Kok Road,90.0
194-196 Lai Chi Kok Road,822 Lai Chi Kok Road,88.88888888888889
223 Lai Chi Kok Road,822 Lai Chi Kok Road,95.0
169 Lai Chi Kok Road,822 Lai Chi Kok Road,88.88888888888889
294 Lai Chi Kok Road,822 Lai Chi Kok Road,90.0
277-281 Lai Chi Kok Road,822 Lai Chi Kok Road,88.88888888888889
246-248 Lai Chi Kok Road,822 Lai Chi Kok Road,88.88888888888889
319 Lai Chi Kok Road,822 Lai Chi Kok Road,88.88888888888889
135 Cheung Sha Wan Road,790-796 Cheung Sha Wan Road,90.47619047619048
106 Lai Chi Kok Road,822 Lai Chi Kok Road,88.88888888888889
On Fat Building,On Fat Industrial Building,100.0
Wo Fung Building,Wo Fung Industrial Building,100.0
Cheung Sha Wan Plaza,Cheung Sha Wan Plaza 1,100.0
Laford Centre ,Laford Centre,100.0
D2 Place One ,One Pacific Place,85.71428571428571
Wing Cheong Factory Building (Redeveloped),On Cheong Factory Building,93.87755102040816
Chinachem 333 Plaza ,Chinachem Leighton Plaza,88.23529411764706
W668,W668,100.0
D2 Place Two ,Two Pacific Place,85.71428571428571
Elite Industrial Centre,Elite Industrial Centre,100.0
Trade Square,Trade Square,100.0
Fortune Shopping Centre,Fortune Centre,100.0
Premier Centre,Premier Centre,100.0
Manley Tower,Manley Tower,100.0
Cheong Lee Building ,Cheong Lee Building,100.0
Hong Fook Building,Fook Hong Industrial Building,100.0
Dragon Centre,Golden Dragon Centre,100.0
Royal Commercial Centre Parkes Street,Royal Commercial Centre,100.0
Hong Kong Health Check Tower Nathan Road,Hong Kong Health Check Tower,100.0
Crason Commercial Centre Nathan Road,Nathan Centre,100.0
Boss Commercial Centre Ferry Street,Boss Commercial Centre,100.0
Hsh Kowloon Centre Nathan Road,Nathan Centre,100.0
Pearl Oriental Tower,Pearl Oriental House,85.0
Ocean Building Shanghai Street,Ocean Building,100.0
Sino Cheer Plaza Jordan Road,Sino Plaza,100.0
Wing On House (JD) Shanghai Street,Wing On House,100.0
Yee Hing Court Tak Hing Street,Lo Tak Court,85.71428571428571
Fortune Court (JD) Tak Hing Street,Lo Tak Court,85.71428571428571
Hsh Kowloon Centre,Hsh Kowloon Centre,100.0
Royal Commercial Centre,Royal Commercial Centre,100.0
Wah Hing Building (JD),Wah Hing Industrial Building,87.17948717948718
Sino Cheer Plaza,Sino Cheer Plaza,100.0
Ocean Building,Ocean Building,100.0
Boss Commercial Centre,Boss Commercial Centre,100.0
Kam Chung Building (JD),Kam Chung Factory Building,87.8048780487805
Bright Growth Medical Centre,Bright Growth Medical Centre,100.0
Nan Fung Commercial Centre,Nan Fung Commercial Centre,100.0
Sunshine Kowloon Bay Cargo Centre,Kowloon Centre,100.0
Kinetic Industrial Centre Wang Kwong Road,Kinetic Industrial Centre,100.0
YHC Tower,YHC Tower,100.0
Fook Hong Industrial Building Sheung Yuet Road,Fook Hong Industrial Building,100.0
Exchange Tower Wang Chiu Road,Exchange Tower,100.0
Enterprise Square Three,Enterprise Square Three,100.0
Billion Centre Tower A,Billion Centre - Tower A,100.0
International Plaza Sheung Yuet Road,International Plaza,100.0
Block A Proficient Industrial Centre Wang Kwun Road,Proficient Industrial Centre Block A,100.0
Shun Fat Industrial Building Wang Hoi Road,Shun Fat Industrial Building,100.0
Centre Parc,Centre Parc,100.0
Chevalier Commercial Centre Wang Hoi Road,Chevalier Commercial Centre,100.0
The Bay Hub Kai Cheung Road,The Bay Hub,100.0
Enterprise Square Phase 2,Enterprise Square Two,89.47368421052632
Enterprise Square Sheung Yuet Road,Enterprise Square Two,89.47368421052632
Kowloon Bay Industrial Centre Wang Hoi Road,Kowloon Bay Industrial Centre,100.0
Nan Fung Commercial Centre Lam Lok Street,Nan Fung Commercial Centre,100.0
Mega Cube,Mega Cube,100.0
Golden Harvest Building,Golden Harvest Building,100.0
Enterprise Square Three Wang Chiu Road,Enterprise Square Three,100.0
Block B Proficient Industrial Centre Wang Kwun Road,Proficient Industrial Centre Block B,100.0
Kam Hon Industrial Building Wang Kwun Road,Kam Hon Industrial Building,100.0
Po Lung Centre Wang Chiu Road,Po Lung Centre,100.0
Sino Industrial Plaza Kai Cheung Road,Sino Plaza,100.0
Kader Building,Kader Building,100.0
Kenning Industrial Building Wang Hoi Road,Kenning Industrial Building,100.0
Enterprise Square Tower I Sheung Yuet Road,Enterprise Square Tower 2,95.83333333333333
Skyline Tower Wang Kwong Road,Skyline Tower,100.0
Flourish Industrial Building Sheung Yee Road,Flourish Industrial Building,100.0
Hoplite Industrial Centre Wang Tai Road,Hoplite Industrial Centre,100.0
Wing Fat Industrial Building,Wing Fat Industrial Building,100.0
Metro Centre Phase Two,Metro Centre,100.0
Billion Centre,Billion Centre - Tower B,100.0
Fook Hong Industrial Building,Fook Hong Industrial Building,100.0
Kam Hon Industrial Building,Kam Hon Industrial Building,100.0
Telford House,Telford House,100.0
Metro Centre Phase One,Metro Centre,100.0
Enterprise Square Phase 1 Tower 1-3 ,Enterprise Square Tower 1,100.0
Chevalier Commercial Centre,Chevalier Commercial Centre,100.0
Enterprise Square,Enterprise Square Three,100.0
International Plaza,International Plaza,100.0
Block B Proficient Industrial Centre,Proficient Industrial Centre Block B,100.0
Kenning Industrial Building,Kenning Industrial Building,100.0
Kingsford Industrial Centre,Kingsford Industrial Centre (KB),100.0
Centre Parc ,Centre Parc,100.0
Exchange Tower,Exchange Tower,100.0
Kowloon Bay Industrial Centre,Kowloon Bay Industrial Centre,100.0
Yhc Tower,YHC Tower,100.0
Amoycan Industrial Centre Block 1,Amoycan Industrial Centre Block 1,100.0
Kinetic Industrial Centre,Kinetic Industrial Centre,100.0
Golden Harvest Building ,Golden Harvest Building,100.0
Maxgrand Plaza,Maxgrand Plaza,100.0
Maxgrand Plaza Tai Yau Street,Maxgrand Plaza,100.0
Wah Hing Industrial Mansions Tai Yau Street,Wah Hing Industrial Mansions,100.0
Two Portside,Two Portside,100.0
Win Plaza,Set Win Automobile Plaza,100.0
One Portside,One Portside,100.0
Luk Hop Industrial Building Luk Hop Street,Luk Hop Industrial Building,100.0
Sheung Hei Factory Building Sheung Hei Street,Sheung Hei Factory Building,100.0
Canny Industrial Building Tai Yau Street,Tai Yau Building,100.0
Laurels Industrial Centre Tai Yau Street,Laurels Industrial Centre,100.0
Van Fat Factory Building Ng Fong Street,Van Fat Factory Building,100.0
Two Portside Pat Tat Street,Two Portside,100.0
Wing Chai Industrial Building Choi Hung Road,Wing Chai Industrial Building,100.0
Winning Centre Tai Yau Street,Winning Centre,100.0
Horizon East Tsat Po Street,Horizon East,100.0
Midas Plaza Tai Yau Street,Midas Plaza,100.0
Wang Fai Industrial Building Luk Hop Street,Luk Hop Industrial Building,100.0
Lead On Industrial Building Ng Fong Street,Lead On Industrial Building,100.0
Laurels Industrial Centre,Laurels Industrial Centre,100.0
Win Plaza ,Set Win Automobile Plaza,100.0
Mee Wah Factory Building  (Tsat Po Street)(Redevelop),Wah Ha Factory Building,93.02325581395348
Canny Industrial Building,Canny Industrial Building,100.0
Lead On Industrial Building,Lead On Industrial Building,100.0
Wang Fai Industrial Building,Wang Fai Industrial Building,100.0
Wong King Industrial Building,Wong King Industrial Building,100.0
Wah Hing Industrial Mansions,Wah Hing Industrial Mansions,100.0
Kai Yip Factory Building,Kai Yip Factory Building,100.0
Chung Kai Factory Building,Kam Chung Factory Building,96.15384615384616
Chung Kai Factory Building (Revitalised),Kam Chung Factory Building,91.66666666666667
Two Bedford Place,One Bedford Place,86.66666666666667
New Kowloon Plaza,Kowloon Plaza,100.0
Khora,KHORA,100.0
Ming Tak Centre Tung Chau Street,Tung Tak Centre,100.0
Ming Tak Centre,Ming Tak Centre,100.0
Cheung Fat Industrial Building Larch Street,Cheung Fat Industrial Building,100.0
Hang Chong Centre Bedford Road,Hang Chong Centre,100.0
The Cloud,The Cloud,100.0
Hoi Ming Court Chun Wing Street,Ka Ming Court,86.95652173913044
Full View Factory Building Tong Mi Road,Full View Factory Building,100.0
Wing Tak Mansion Lai Chi Kok Road,822 Lai Chi Kok Road,88.88888888888889
Wing Lee Industrial Building,Wing Lee Industrial Building,100.0
New Kowloon Plaza ,Kowloon Plaza,100.0
Hang Chong Centre,Hang Chong Centre,100.0
Fuk Cheong Factory Bldg,Fuk Cheong Factory Building,92.0
Cheung Fat Industrial Building,Cheung Fat Industrial Building,100.0
Man Lee Building ,Man Lee Industrial Building,100.0
Style Factory Bldg.,Style Factory Building,87.8048780487805
Gee Chang Factory Building,Gee Fat Factory Building,90.9090909090909
Wah On Building ,On Wah Industrial Building,100.0
Peninsula Centre Mody Road,Peninsula Centre,100.0
Houston Centre Mody Road,Houston Centre,100.0
Wing On Plaza Mody Road,Wing On Plaza,100.0
Prince Tower Hankow Road,Prince Tower,100.0
East Ocean Centre Granville Road,East Ocean Centre,100.0
8 Observatory Road Observatory Road,8 Observatory Road,100.0
Austin Plaza Austin Road,Austin Plaza,100.0
Prat Commercial Building Prat Avenue,Prat Avenue,100.0
Golden Dragon Centre Cameron Road,Golden Centre,100.0
Katherine House Chatham Road South,Katherine House,100.0
Tern Plaza Cameron Road,Cameron Plaza,100.0
Kowloon Centre Ashley Road,Kowloon Centre,100.0
Railway Plaza Chatham Road South,Railway Plaza,100.0
Star House Salisbury Road,Star House,100.0
Oriental Crystal Finance Centre Chatham Road South,Oriental Centre,100.0
Empire Centre Mody Road,Empire Centre,100.0
Mass Resources Development Building Humphrey's Avenue,Mass Resources Development Building,100.0
Tak Sing Alliance Building Chatham Road South,Alliance Building,100.0
Multifield Plaza Prat Avenue,Prat Avenue,100.0
China Insurance Building Cameron Road,China Building,100.0
Grand Right Centre,Grand Centre,100.0
Bcc Building Carnarvon Road,Bcc Building,100.0
Mirror Tower Mody Road,Mirror Tower,100.0
Rise Commercial Building Granville Circuit,Rise Commercial Building,100.0
Kai Seng Commercial Centre Hankow Road,Kai Seng Commercial Centre,100.0
Cameron Centre,Cameron Sino Technology Centre,100.0
Southgate Commercial Centre Granville Road,Southgate Commercial Centre,100.0
Tung Wui Commercial Building Prat Avenue,Prat Avenue,100.0
Carnarvon Plaza Carnarvon Road,Carnarvon Plaza,100.0
Eastern Flower Centre Cameron Road,Eastern Centre,100.0
Empress Plaza Chatham Road South,Empress Plaza,100.0
Tern Commercial Building Granville Road,Tern Commercial Building,100.0
Hong Kong Pacific Centre Hankow Road,Hong Kong Pacific Centre,100.0
Maxwell Centre Hankow Road,Maxwell Centre,100.0
One Peking Peking Road,One Peking,100.0
Miramar Shopping Centre Nathan Road,Nathan Centre,100.0
Rose Mansion Prat Avenue,Prat Avenue,100.0
South Seas Centre,South Seas Centre Tower I,100.0
Prat Plaza Prat Avenue,Prat Avenue,100.0
James S Lee Mansion Prat Avenue,Prat Avenue,100.0
Polly Commercial Building Prat Avenue,Prat Avenue,100.0
Cameron Plaza Cameron Road,Cameron Plaza,100.0
Energy Plaza Granville Road,Energy Plaza,100.0
Eastern Flower Centre,Eastern Centre,100.0
Oriental Centre Chatham Road South,Oriental Centre,100.0
Valiant Commercial Building Prat Avenue,Prat Avenue,100.0
Eu Yan Sang Tower Chatham Road South,Eu Yan Sang Tower,100.0
Harbour Crystal Centre Granville Road,Harbour Centre,100.0
Grand Centre Carnarvon Road,Grand Centre,100.0
Lippo Sun Plaza Canton Road,Lippo Sun Plaza,100.0
Winfield Commercial Building Prat Avenue,Prat Avenue,100.0
New East Ocean Centre Science Museum Road,East Ocean Centre,100.0
Chevalier House - Tst Plaza Chatham Road South,Chevalier House,100.0
Ritz Plaza Austin Road,Ritz Plaza,100.0
Hing Ming Building,Luen Ming Hing Factory Building,100.0
Grand Right Centre Cameron Road,Grand Centre,100.0
Wah Fung Building,Fung Wah Factorial Building,100.0
Prat Building Prat Avenue,Prat Avenue,100.0
Supreme House Hart Avenue,Supreme House,100.0
Chevalier House Chatham Road South,Chevalier House,100.0
Wardley Centre Prat Avenue,Prat Avenue,100.0
10 Prat Prat Avenue,Prat Avenue,100.0
Eastern Flower Centre ,Eastern Centre,100.0
Mandarin Plaza,New Mandarin Plaza Tower A,100.0
Rise Commercial Building,Rise Commercial Building,100.0
Carnarvon Plaza,Carnarvon Plaza,100.0
Tern Plaza,Tern Plaza,100.0
Peninsula Centre,Peninsula Centre,100.0
Lippo Sun Plaza,Lippo Sun Plaza,100.0
Houston Centre,Houston Centre,100.0
Kowloon Centre,Kowloon Centre,100.0
Golden Dragon Centre,Golden Dragon Centre,100.0
Cameron Plaza,Cameron Plaza,100.0
Bcc Building,Bcc Building,100.0
Eu Yan Sang Tower,Eu Yan Sang Tower,100.0
Multifield Plaza,Multifield Plaza,100.0
Chevalier House - Tst Plaza,Chevalier House,100.0
China Insurance Building,China Insurance Building,100.0
Winfield Commercial Building,Winfield Commercial Building,100.0
The Lamma Tower,The Lamma Tower (TST),100.0
Mirror Tower,Mirror Tower,100.0
Pacific Building,China Pacific Industrial Building,100.0
Ritz Plaza,Ritz Plaza,100.0
Star House,Star House,100.0
Carnarvon Plaza ,Carnarvon Plaza,100.0
Cameron Centre ,Cameron Sino Technology Centre,100.0
Harbour Crystal Centre,Harbour Crystal Centre,100.0
Grand Right Centre ,Grand Centre,100.0
Empress Plaza,Empress Plaza,100.0
Katherine House,Katherine House,100.0
Tak Sing Alliance Building,Alliance Building,100.0
Prince Tower,Prince Tower,100.0
Southgate Commercial Centre,Southgate Commercial Centre,100.0
South Seas Centre ,South Seas Centre Tower I,100.0
Wing On Plaza,Wing On Plaza,100.0
Railway Plaza,Railway Plaza,100.0
Grand Centre,Grand Centre,100.0
Oriental Crystal Finance Centre,Oriental Crystal Finance Centre,100.0
Austin Plaza,Austin Plaza,100.0
Hong Kong Pacific Centre,Hong Kong Pacific Centre,100.0
New East Ocean Centre,New East Ocean Centre,100.0
East Ocean Centre,East Ocean Centre,100.0
Albion Plaza,Albion Plaza,100.0
Wai Wah Building,Wah Wai Industrial Building (FT),100.0
Tern Commercial Building,Tern Commercial Building,100.0
Empire Centre,Empire Centre,100.0
10 Prat Avenue ,Prat Avenue,100.0
Kai Seng Commercial Centre,Kai Seng Commercial Centre,100.0
Energy Plaza,Energy Plaza,100.0
Maxwell Centre,Maxwell Centre,100.0
Oriental Centre,Oriental Centre,100.0
Silvercord,Silvercord Tower 1,100.0
Chinachem Golden Plaza,Chinachem Golden Plaza,100.0
One Peking,One Peking,100.0
The Toy House,The Toy House,100.0
Howard Building,Howard Factory Building,100.0
Supreme House,Supreme House,100.0
New Mandarin Plaza ,New Mandarin Plaza Tower A,100.0
Hing Ming Building ,Luen Ming Hing Factory Building,100.0
Wai Wah Building ,Wah Wai Industrial Building (FT),100.0
Plaza Hollywood Lung Poon Street,Hollywood Plaza,100.0
Che Wah Building,Che Wah Industrial Building,100.0
Plaza Hollywood,Hollywood Plaza,100.0
Wing Lee Building,Wing Lee Industrial Building,100.0
Peninsula Square,Peninsula Square,100.0
Po Wai Building Bulkeley Street,Po Wai Building,100.0
Whampoa Garden Site 1 Hung Hom Road,1 Hung To Road,88.0
Hunghom Commercial Centre A,Hunghom Commercial Centre Tower A,100.0
Winner Building (HH) Man Yue Street,Winner Building (HH),100.0
Kaiser Estate Phase Iii Man Lok Street,Kaiser Estate Phase I,95.0
Hilder Centre Sung Ping Street,Hilder Centre,100.0
Ming Wah Court Sung Chi Street,Ka Ming Court,86.95652173913044
Kaiser Estate Phase Ii Man Yue Street,Kaiser Estate Phase I,95.0
Yuen Shing Building,Yuen Shing Industrial Building,100.0
Hing Lee Building,Hing Lee Industrial Building,100.0
Hang Fung Industrial Building,Hang Fung Industrial Building I,100.0
Kaiser Estate Phase Iii,Kaiser Estate Phase III,100.0
Ming Wah Court,Ka Ming Court,88.88888888888889
Kaiser Estate Phase Ii,Kaiser Estate Phase II,100.0
Eldex Industrial Building,Eldex Industrial Building,100.0
Grand Place,Grand Century Place I,100.0
Full Win Commercial Centre Nathan Road,Nathan Centre,100.0
Wofoo Commercial Building,Wofoo Building,100.0
Commerce Tower,Kowloon Commerce Centre Tower A,100.0
Ginza Square Nathan Road,Ginza Square,100.0
Kowloon Building Nathan Road,Kowloon Building,100.0
On Yip Building,On Yip Factory Building,100.0
Wofoo Commercial Building Nathan Road,Wofoo Building,100.0
Kelly Commercial Centre Nathan Road,Nathan Centre,100.0
On Lee Building,Lee On Industrial Building,100.0
On Yip Building ,On Yip Factory Building,100.0
On Lee Building ,Lee On Industrial Building,100.0
Wofoo Commercial Building ,Wofoo Building,100.0
Hing Wah Building,Wah Hing Industrial Building,100.0
Commerce Tower ,Kowloon Commerce Centre Tower A,100.0
Winner Building,Winner Building (HH),100.0
Kowloon Building,Kowloon Building,100.0
Ginza Square,Ginza Square,100.0
Tai Shing Commercial (Yaumati) Building,Tai Shing Commercial (Yaumati) Building,100.0
Winfield Building,Winfield Industrial Building,100.0
Wing Tai Building,Wing Tai Factory Building,100.0
Lai Chi Kok Bay Garden Lai King Hill Road,822 Lai Chi Kok Road,88.88888888888889
Sun Building,Sun Hing Industrial Building (WCH),100.0
Hi-Speed Centre 1,Hi-Speed Centre 1,100.0
Kawada Plaza,Kawada Plaza,100.0
Lincoln Centre YIP FUNG STREET,Lincoln Centre,100.0
New China Steam Laundry Building,China Building,100.0
Fanling Centre,Fanling Industrial Centre,100.0
Cambridge Plaza,Cambridge Plaza Block A,100.0
On Wui Centre,On Wui Centre,100.0
W LUXE,W Luxe,100.0
"Grand Central Plaza, Tower II",Central Tower,100.0
Kings Wing Plaza II On Kwan Street,Wing On Plaza,100.0
Kings Wing Plaza II Ok Mall On Kwan Street,Wing On Plaza,100.0
Wah Lok Industrial Centre Block B,Wah Lok Industrial Centre Block C,96.96969696969697
Kings Wing Plaza 2,Kings Wing Plaza 2,100.0
Kings Wing Plaza 1,Kings Wing Plaza 1,100.0
Wah Lok Industrial Centre Block D,Wah Lok Industrial Centre Block C,96.96969696969697
Ever Gain Centre (No.4),Ever Gain Centre,100.0
Kings Wing Plaza I On Kwan Street,Wing On Plaza,100.0
"Grand Central Plaza, Tower I",Central Tower,100.0
Metropole Square,Metropole Square,100.0
Citimark,Citimark,100.0
Wah Lok Industrial Centre Block F,Wah Lok Industrial Centre Block F,100.0
Wai Wah Centre Shatin Centre Street,Wah Wai Centre,100.0
Wah Lok Industrial Centre Block C,Wah Lok Industrial Centre Block C,100.0
Koon Wah Building Yuen Shun Circuit,Koon Wah Building,100.0
Koon Wah Building,Koon Wah Building,100.0
Kings Wing Plaza I,Kings Wing Plaza 2,94.44444444444444
Kings Wing Plaza II,Kings Wing Plaza 2,94.11764705882354
Kings Wing Plaza II Ok Mall,Kings Wing Plaza 2,94.11764705882354
"Grand Central Plaza, Tower II ",Central Tower,100.0
"Grand Central Plaza, Tower I ",Central Tower,100.0
Koon Wah Building ,Koon Wah Building,100.0
Shatin Industrial Centre,Shatin Industrial Centre Block A,100.0
Wah Sang Industrial Building,Wah Sang Industrial Building Block A,100.0
Grand Central Plaza ,Central Plaza,100.0
Wai Wah Centre,Wah Wai Centre,100.0
Sun Hung Kai Logistic Centre (Shatin),Sun Hung Kai Centre,100.0
Sheung Tak Plaza,Sheung Shui Plaza Block A,85.71428571428571
Cable Tv Tower,Cable TV Tower,100.0
Tsuen Wan Mansion (Stage 2) Lo Tak Court,Lo Tak Court,100.0
Winning Heights Lo Tak Court,Lo Tak Court,100.0
Nan Fung Centre Castle Peak Road,Nan Fung Centre,100.0
Po Yip Building Block B,Po Yip Building Block A,95.65217391304348
20-24 Lo Tak Court,Lo Tak Court,100.0
KOLOUR . Tsuen Wan I,KOLOUR . Tsuen Wan I,100.0
Carson Mansion Lo Tak Court,Lo Tak Court,100.0
Chinachem Tsuen Wan Plaza,Two Chinachem Plaza,88.23529411764706
176 Castle Peak Road,483D-483E Castle Peak Road,88.88888888888889
75 Castle Peak Road,483D-483E Castle Peak Road,91.42857142857143
88 Castle Peak Road,483D-483E Castle Peak Road,91.42857142857143
100 Castle Peak Road,483D-483E Castle Peak Road,88.88888888888889
Tak Yan House Phase 14 Lo Tak Court,Lo Tak Court,100.0
71 Castle Peak Road,483D-483E Castle Peak Road,91.42857142857143
Tetra,Tetra,100.0
135 Castle Peak Road,483D-483E Castle Peak Road,88.88888888888889
8½ Castle Peak Road,483D-483E Castle Peak Road,91.42857142857143
155 Castle Peak Road,483D-483E Castle Peak Road,88.88888888888889
161 Castle Peak Road,483D-483E Castle Peak Road,88.88888888888889
187 Castle Peak Road,483D-483E Castle Peak Road,88.88888888888889
185 Castle Peak Road,483D-483E Castle Peak Road,88.88888888888889
184 Castle Peak Road,483D-483E Castle Peak Road,88.88888888888889
73 Castle Peak Road,483D-483E Castle Peak Road,91.42857142857143
Waterside Plaza Wing Shun Street,Wing On Plaza,86.95652173913044
Cheong Wah Bldg Lo Tak Court,Lo Tak Court,100.0
153 Castle Peak Road,483D-483E Castle Peak Road,88.88888888888889
159 Castle Peak Road,483D-483E Castle Peak Road,88.88888888888889
Nina Tower Yeung Uk Road,Nina Tower,100.0
170 Castle Peak Road,483D-483E Castle Peak Road,88.88888888888889
CDW Building,CDW Building,100.0
28 Castle Peak Road,483D-483E Castle Peak Road,91.42857142857143
Metex House Fui Yiu Kok Street,Metex House,100.0
82 Castle Peak Road,483D-483E Castle Peak Road,91.42857142857143
Yuet Kwong Industrial Building Fui Yiu Kok Street,Yuet Kwong Industrial Building,100.0
First Asia Tower Fui Yiu Kok Street,First Asia Tower,100.0
KOLOUR TSUEN WAN II Tsuen Wan Market Street,KOLOUR . Tsuen Wan I,88.88888888888889
178 Castle Peak Road,483D-483E Castle Peak Road,88.88888888888889
388 Castle Peak Road,483D-483E Castle Peak Road,88.88888888888889
Cable Tv Tower Hoi Shing Road,Cable TV Tower,88.0
Hing Hing Building,Sze Hing Loong Industrial Building,100.0
Cheong Tai Building,Cheong Tai Factory Building,100.0
Nan Fung Centre,Nan Fung Centre,100.0
Dao Shing Building,Shing Dao Industrial Building,100.0
Fortune Building,Fortune Factory Building A,100.0
Chinachem Tsuen Wan Plaza ,Two Chinachem Plaza,88.23529411764706
Chung On Building,Chung On Industrial Building,100.0
Tak Tai Building,Tai Tak Industrial Building,100.0
Cheong On Building,On Cheong Factory Building,100.0
Lung Wah Building,Wah Lung Industrial Building,100.0
Far East Consortium Tuen Mun Building,Far East Consortium Building (Central),86.15384615384616
On On Building,Chung On Industrial Building,100.0
KOLOUR . Tsuen Wan I ,KOLOUR . Tsuen Wan I,100.0
Wah Shing Building,Wah Shing Industrial Building,100.0
Kin Ho Building,Kin Ho Industrial Building Block 1,100.0
Cdw Building,CDW Building,100.0
Tak Yan Building Stage 3,Kai Tak Factory Building Stage 2,85.71428571428571
Wing On Building,Wing On Godown Building,100.0
Kam Shing Building,Kam Shing Industrial Building,100.0
Houston Industrial Building,Houston Industrial Building,100.0
Shing On Building,On Shing Industrial Building,100.0
Wah Lik Industrial Centre,Wah Lik Industrial Centre,100.0
Kar Wah Building,Kar Wah Industrial Building,100.0
Yuen Long Trade Centre,Yuen Long Trading Centre,91.30434782608695
157 Castle Peak Road,483D-483E Castle Peak Road,88.88888888888889
Yuen Long Centre,Lai Sun Yuen Long Centre,100.0
Prosperous Building Shui Che Kwun Street,Prosperous Building,100.0
90 Castle Peak Road,483D-483E Castle Peak Road,91.42857142857143
Hing Fook Building (Phase 2) Man Hop Path,Hop Hing Building (YL),87.17948717948718
12 San Fui Street,3 San Fui Street,93.33333333333333
Hau Tak Bldg Hung Min Court,Lo Tak Court,85.71428571428571
30 Castle Peak Road,483D-483E Castle Peak Road,91.42857142857143
Golden Plaza Shui Che Kwun Street,Golden Era Plaza,85.71428571428571
Yuen Long Centre ,Lai Sun Yuen Long Centre,100.0
BOC Castle Peak Road,483D-483E Castle Peak Road,88.88888888888889
Ho Shun Yee Building,Shun Yee Factory Building,91.89189189189189
On Wing Building,Wing On Godown Building,100.0
Hang Fu Building,Fu Hang Industrial Building,100.0
THE RAINBOW,The Rainbow,100.0
Fook On Building,On Fook Industrial Building,100.0
Tung Cheong Building,Tung Cheong Factory Building,100.0
Yuen Long Trade Centre ,Yuen Long Trading Centre,91.30434782608695
Cheong Fat Building,Cheong Fat Factory Building,100.0
New City,New City Centre,100.0
Prosperous Building,Prosperous Building,100.0
Hang Cheong Building,Hang Cheong Factory Building,100.0
On Hong Building,On Hong Commercial Building,100.0
Golden Plaza,Chinachem Golden Plaza,100.0
Jumbo Building,Jumbo Industrial Building,100.0
Wing Hing Building,Wing Hing Industrial Building (CSW),100.0
Hing Loong Building,Sze Hing Loong Industrial Building,100.0
2A San Fui Street,3 San Fui Street,93.33333333333333
Tak Cheong Bldg Kwai Chung Road,88 Kwai Cheong Road,91.42857142857143
High Fashion Centre,Fashion Centre,100.0
Hang King Plaza Wing Fong Road,Wing On Plaza,86.95652173913044
The Galaxy,The Galaxy,100.0
519 Castle Peak Road,483D-483E Castle Peak Road,88.88888888888889
K83,K83,100.0
Kwai Bon Logistics Centre,Goodman Kwai Chung Logistics Centre,91.30434782608695
529 Castle Peak Road,483D-483E Castle Peak Road,88.88888888888889
22 Wing Kin Road,22 Wing Kin Road,100.0
South China Cold Storage Building,China Building,100.0
NWS Kwai Chung Logistics Centre,Goodman Kwai Chung Logistics Centre,93.10344827586206
Kwai Chung Centre,Goodman Kwai Chung Logistics Centre,100.0
Ever Gain Plaza,Ever Gain Plaza Tower 1,100.0
Kwai Shing Industrial Buildung Phase II,Kwai Shing Industrial Building Phase 2,90.9090909090909
Trans Asia Centre,Trans Asia Centre,100.0
Prosperity Centre (KC) (Revitalised),Prosperity Centre,100.0
Oriental Logistics Centre,Oriental Centre,100.0
Trans Asia Centre Kin Hong Street,Trans Asia Centre,100.0
Landmark North Lung Sum Avenue,Landmark North,100.0
3 San Cheung Street,3 San Fui Street,85.71428571428571
20 San Hong Street,20 Wing Hong Street,87.5
Landmark North,Landmark North,100.0
Ming Tak Shopping Centre Pui Shing Lane,Ming Tak Centre,100.0
Ming Tak Shopping Centre,Ming Tak Centre,100.0
Transport City Building Shing Wan Road,Transport City Building,100.0
Hong Lok Building Tai Wing Lane,Hong Tai Building,100.0
Dragon Court Tai Ming Lane,Ka Ming Court,86.95652173913044
Gold Reserved Court Tai Ming Lane,Ka Ming Court,86.95652173913044
Wing Cheong Building Tai Kwong Lane,Wing On Cheong Building,93.02325581395348
Tai Ping Industrial Park Ting Kok Road,Tai Ping Industrial Park,100.0
Po Yan Building Wai Yan Street,Po Wai Building,100.0
Tai Po Plaza,Sui Tai Wai Kee Plaza,85.71428571428571
Central Plaza,Central Plaza,100.0
Wing Cheung Building,Wing Cheung Industrial Building (KC),100.0
Fuk Cheong Building,Fuk Cheong Factory Building,100.0
Sun Hing Building,Sun Hing Industrial Building (WCH),100.0
Wah On Building,On Wah Industrial Building,100.0
Po Shing Building,Po Shing Industrial Building,100.0
Wing Shing Building,Wing Shing Industrial Building (SPK),100.0
Wing Cheong Building,Wing On Cheong Building,100.0
"Tien Chu (Tsing Yi) Ind. Ctr., Blk. E","Tien Chu (Tsing Yi) Ind. Ctr., Blk. A",97.29729729729729
Koon Wah Mirror Fty (6th) Ind. Bldg. 1,Koon Wah Mirror Fty (6th) Ind. Bldg. 2,97.36842105263158
Top Court Tak Ching Court,Lo Tak Court,85.71428571428571
Tuen Mun Central Square Hoi Wing Road,Tuen Mun Central Square,100.0
Hoi Shing Budg Tak Ching Court,Lo Tak Court,85.71428571428571
Palm Court Tak Ching Court,Lo Tak Court,85.71428571428571
Mai Kei Building,Mai Kei Industrial Building,100.0
Tuen Mun Central Square,Tuen Mun Central Square,100.0
Tuen Mun Centre,Tuen Mun Industrial Centre E,100.0
Man Shing Building,Man Shing Industrial Building,100.0
Fu Hang Building,Fu Hang Industrial Building,100.0
Ho King Building,Ho King Factory Building,100.0
Cheung Lung Building,Cheung Lung Industrial Building,100.0
Nan Fung Industry Tin Hau Road,3 Tin Hau Road,92.3076923076923
Hang Seng Kowloon City Building,Kowloon Building,100.0
Kowloon City Plaza Carpenter Road,Kowloon Plaza,100.0
Kowloon City Plaza,Kowloon Plaza,100.0
Hang Seng Kowloon City Building ,Kowloon Building,100.0
Pan Asia Centre,Pan Asia Centre,100.0
Kwong Sang Hong Centre Hoi Bun Road,Kwong Sang Hong Centre,100.0
EGL Tower,EGL Tower,100.0
Camelpaint Buildings Block II Hoi Yuen Road,Camelpaint Buildings Block II,100.0
48 Hung To Road,28 Hung To Road,93.33333333333333
De Hua Tower Hung To Road,De Hua Tower,100.0
Two Sky Parc,Two Sky Parc,100.0
Legend Tower Shing Yip Street,Legend Tower,100.0
78 Hung To Road,28 Hung To Road,93.33333333333333
MG162,MG162,100.0
Remington Centre,Remington Centre,100.0
Sui Tai Wai Kee Plaza Hung To Road,Sui Tai Wai Kee Plaza,100.0
Lok Kui Industrial Building Hung To Road,Hung To Industrial Building,100.0
Lu Plaza,Lu Plaza,100.0
Camelpaint Buildings Block I Hoi Yuen Road,Camelpaint Buildings Block I,100.0
One Sky Parc,One Sky Parc,100.0
Legend Tower,Legend Tower,100.0
Century Centre Hung To Road,1 Hung To Road,92.3076923076923
MG Tower,MG Tower,100.0
Fook Cheong Building (KT) Hoi Yuen Road,Fook Cheong Building (KT),100.0
Montery Plaza Chong Yip Street,Montery Plaza,100.0
Kai Centre,Sun Hung Kai Centre,100.0
Sui Tai Wai Kee Plaza,Sui Tai Wai Kee Plaza,100.0
De Hua Tower,De Hua Tower,100.0
King Palace Plaza (KT) King Yip Street,King Palace Plaza,100.0
1 Hung To Road Hung To Road,1 Hung To Road,100.0
163 Hoi Bun Road,167-169 Hoi Bun Road,85.71428571428571
Camelpaint Buildings Block III Hoi Yuen Road,Camelpaint Buildings Block III,100.0
17 Hung To Road,1 Hung To Road,96.55172413793103
78 Hung To Road Hung To Road,28 Hung To Road,93.33333333333333
Wing Tai Centre Hing Yip Street,Wing Tai Centre,100.0
Camel Paint Centre Hing Yip Street,Hing Yip Centre (TW),85.71428571428571
Winful Centre Shing Yip Street,Winful Centre,100.0
Yen Sheng Centre Hoi Yuen Road,Yen Sheng Centre,100.0
Prosperity Center Chong Yip Street,Prosperity Center,100.0
Kwun Tong View Kwun Tong Road,Kwun Tong View,100.0
Good Luck Industrial Building How Ming Street,Good Luck Industrial Building,100.0
90 Hung To Road Hung To Road,1 Hung To Road,92.3076923076923
Capella Htr Hung To Road,1 Hung To Road,92.3076923076923
East Sun Industrial Centre Shing Yip Street,Yip Shing Industrial Centre,100.0
Hoi Luen Industrial Centre Block A Hoi Yuen Road,Hoi Luen Industrial Centre Block A,100.0
How Ming Factory Building How Ming Street,How Ming Factory Building,100.0
Woo Sing Kee Industrial Building Wai Yip Street,Wai Yip Industrial Building,100.0
Boton Technology Innovation Tower Kwun Tong Road,Boton Technology Innovation Tower,100.0
Crown Industrial Building How Ming Street,Crown Industrial Building,100.0
Westley Square,Westley Square,100.0
THE OZONE,THE OZONE,100.0
Rich China Center Hung To Road,1 Hung To Road,92.3076923076923
Southtex Building,Southtex Building,100.0
Prosperity Centre (Kwun Tong),Prosperity Centre,100.0
Kwok Kee Group Centre,Tak Kee Group Centre,88.88888888888889
THE OZONE Wai Yip Street,THE OZONE,100.0
GR8 Inno-Tech Centre,GR8 Inno-Tech Centre,100.0
Kwun Tong Industrial Centre Block 1 Kwun Tong Road,Kwun Tong Industrial Centre Block 1,100.0
Wong Tze Building,Wong Tze Building,100.0
Yau Tong Industrial Building Block 2 Sze Shan Street,Yau Tong Industrial Building Block 2,100.0
Shing Yip Industrial Building Shing Yip Street,Shing Yip Industrial Building,100.0
Chuan Yuan Factory Building Kwun Tong Road,Chuan Yuan Factory Building,100.0
Contempo Place,Contempo Place,100.0
Kin Sang Industrial Building Wai Yip Street,Wai Yip Industrial Building,100.0
Kwun Tong Industrial Centre Block 3 Kwun Tong Road,Kwun Tong Industrial Centre Block 3,100.0
Lucky Factory Building Hung To Road,Ka To Factory Building,92.6829268292683
90 Hung To Road,1 Hung To Road,92.3076923076923
86 Hung To Road,28 Hung To Road,93.33333333333333
One Pacific Centre Kwun Tong Road,One Pacific Centre,100.0
Cantake Factory Building Wai Yip Street,Cantake Factory Building,100.0
Peter Leung Industrial Building Wai Yip Street,Leung Yip Industrial Building,100.0
Lladro Building Hoi Yuen Road,Lladro Building,100.0
Sing Win Factory Building Shing Yip Street,Sing Win Factory Building,100.0
76 Hung To Road,1 Hung To Road,92.3076923076923
Lemmi Centre Hoi Yuen Road,Lemmi Centre,100.0
Yen Sheng Centre,Yen Sheng Centre,100.0
Jc Tower,JC Tower,100.0
Nanyang Plaza,Nanyang Plaza,100.0
The Whitney,The Whitney,100.0
King Yip Factory Building King Yip Street,King Yip Factory Building,100.0
World Tech Centre How Ming Street,World Tech Centre,100.0
Tsun Win Factory Building Tsun Yip Street,Tsun Win Factory Building,100.0
Hung Fuk Factory Building Hung To Road,Hung Fuk Factory Building,100.0
Egl Tower Hung To Road,1 Hung To Road,92.3076923076923
Fung Yip Industrial Building Wai Yip Street,Yip Fung Industrial Building,100.0
Kwok Kee Group Centre How Ming Street,Tak Kee Group Centre,88.88888888888889
Remington Centre Hung To Road,Remington Centre,100.0
Union Building How Ming Street,Union Building,100.0
Westley Square Hoi Yuen Road,Westley Square,100.0
New Media Tower Hung To Road,1 Hung To Road,92.3076923076923
Wanda Industrial Building Kwun Tong Road,Wanda Industrial Building,100.0
Ming Sang Industrial Building Hing Yip Street,Sang Hing Industrial Building,100.0
Ricky Centre Chong Yip Street,Ricky Centre,100.0
Wing Hing Industrial Building (KT) Hing Yip Street,Wing Yip Industrial Building,100.0
12 Hung To Road,1 Hung To Road,96.55172413793103
D.J. Securities Building Hoi Bun Road,D.J. Securities Building,100.0
Wing Ying Industrial Building Wai Yip Street,Wing Yip Industrial Building,100.0
Hewlett Centre Hoi Yuen Road,Hewlett Centre,100.0
37-39 Hung To Road,1 Hung To Road,92.3076923076923
Everest Industrial Centre Kwun Tong Road,Everest Industrial Centre,100.0
Sunbeam Centre,Sunbeam Centre,100.0
Wang Yip Building,Wang Yip Industrial Building,100.0
King Palace Plaza (KT),King Palace Plaza,100.0
Lu Plaza ,Lu Plaza,100.0
Mg Tower,MG Tower,100.0
Wing Wah Industrial Building (KT),Wah Wing Industrial Building,100.0
Montery Plaza,Montery Plaza,100.0
Century Centre,Win Century Centre,100.0
Camelpaint Buildings Block I,Camelpaint Buildings Block I,100.0
Joint Venture Factory Building,Joint Venture Factory Building,100.0
Fook Cheong Building (KT),Fook Cheong Building (KT),100.0
C-Bons International Center,C-Bons International Center,100.0
Kt336,KT336,100.0
Apec Plaza,APEC Plaza,100.0
Kwun Tong Industrial Centre Block 1,Kwun Tong Industrial Centre Block 1,100.0
Secure House,Secure House,100.0
Pan Asia Centre ,Pan Asia Centre,100.0
Manning Industrial Building,Manning Industrial Building,100.0
Siu Fu Factory Building Wai Yip Street,Siu Fu Factory Building,100.0
Lladro Building,Lladro Building,100.0
Millennium City 2,Millennium City 2,100.0
Ming Sang Industrial Building,Ming Sang Industrial Building,100.0
King Wan Industrial Building,King Wan Industrial Building,100.0
Kwong Sang Hong Centre,Kwong Sang Hong Centre,100.0
Chilcott Industrial Building,Chilcott Industrial Building,100.0
Prosperity Industrial Building,Prosperity Industrial Building,100.0
East Sun Industrial Centre,East Sun Industrial Centre,100.0
Ray Centre ,Ray Centre,100.0
Everest Industrial Centre,Everest Industrial Centre,100.0
Lemmi Centre,Lemmi Centre,100.0
Yip Fat Factory Building Block 1,Yip Fat Factory Building Block 1,100.0
Wong Tze Building ,Wong Tze Building,100.0
Yau Tong Industrial Building Block 2,Yau Tong Industrial Building Block 2,100.0
Siu Fu Factory Building,Siu Fu Factory Building,100.0
Camelpaint Buildings Block II,Camelpaint Buildings Block II,100.0
Mai Hing Building,Mai Hing Industrial Building Block A,100.0
Camelpaint Buildings Block III,Camelpaint Buildings Block III,100.0
Kwok Kee Group Centre ,Tak Kee Group Centre,88.88888888888889
1 Hung To Road,1 Hung To Road,100.0
Kwun Tong Industrial Centre Block 2,Kwun Tong Industrial Centre Block 2,100.0
Contempo Place ,Contempo Place,100.0
Entrepot Centre,Entrepot Centre,100.0
Lok Kui Industrial Building,Lok Kui Industrial Building,100.0
Hung Fuk Factory Building,Hung Fuk Factory Building,100.0
163 Hoi Bun Road ,167-169 Hoi Bun Road,85.71428571428571
GRAVITY,Gravity,100.0
One Pacific Centre,One Pacific Centre,100.0
Prosperity Center,Prosperity Center,100.0
Wing Cheung Industrial Building (KT),Wing Cheung Industrial Building (KT),100.0
"Kiu Sun Factory Building (Redevelop to ""The VISION"")",Win Sun Factory Building,90.9090909090909
Wing Hing Lee Industrial Building (Demolished),Wing Hing Industrial Building,100.0
Tsun Win Factory Building,Tsun Win Factory Building,100.0
Unify Commercial Industrial Building,Unify Commercial Industrial Building,100.0
Wanda Industrial Building,Wanda Industrial Building,100.0
How Ming Factory Building,How Ming Factory Building,100.0
Mai Hong Industrial Building,Mai Hong Industrial Building,100.0
Elite Centre,Elite Centre,100.0
Manulife Financial Centre,Manulife Financial Centre - Tower A,100.0
Kwun Tong Industrial Centre Block 3,Kwun Tong Industrial Centre Block 3,100.0
Jone Mult Factory Building,Jone Mult Factory Building,100.0
Grandeur Factory Building (Demolished),Luen Fat Factory Building 1 (Demolished),86.56716417910448
Kwun Tong Industrial Centre Phase 4,Kwun Tong Industrial Centre Block 4,90.625
Mai Hing Industrial Building,Mai Hing Industrial Building Block A,100.0
Mai Tong Industrial Building,Mai Tong Industrial Building,100.0
Lico Industrial Building,Lico Industrial Building,100.0
Mai Gar Industrial Building,Mai Gar Industrial Building,100.0
Sing Win Factory Building,Sing Win Factory Building,100.0
Fully Industrial Building,Fully Industrial Building,100.0
Fullerton Centre,Fullerton Centre,100.0
One Harbour Square,One Harbour Square,100.0
Yau Lee Centre,Yau Lee Centre,100.0
Kin Sang Industrial Building,Kin Sang Industrial Building,100.0
Apec Plaza ,APEC Plaza,100.0
Hing Yip Factory Building,Union Hing Yip Factory Building,100.0
Dundas Square Dundas Street,Dundas Square,100.0
Mongkok Harbour Centre,Harbour Centre,100.0
46 Mong Kok Road,One Mong Kok Road Comm. Centre,89.65517241379311
Sino Centre Nathan Road,Sino Centre,100.0
Golden Eva Plaza Sai Yee Street,Golden Era Plaza,85.71428571428571
Righteous Centre Nathan Road,Nathan Centre,100.0
Ginza Plaza Sai Yeung Choi Street South,Ginza Plaza,100.0
Fee Tat Commercial Centre Nathan Road,Nathan Centre,100.0
King Centre,Ho King Commercial Centre,100.0
Bank Centre Nathan Road,Nathan Centre,100.0
22 Mong Kok Road,One Mong Kok Road Comm. Centre,89.65517241379311
King Wah Centre Nathan Road,Nathan Centre,100.0
Hua Chiao Commercial Centre Nathan Road,Nathan Centre,100.0
Pioneer Centre Nathan Road,Nathan Centre,100.0
Argyle Centre Nathan Road,Nathan Centre,100.0
Witty Commercial Building Tung Choi Street,Witty Commercial Building,100.0
Langham Place Argyle Street,Langham Place,100.0
Prosperity Centre Canton Road,Prosperity Centre,100.0
Nathan Centre Nathan Road,Nathan Centre,100.0
28 Mong Kok Road,One Mong Kok Road Comm. Centre,89.65517241379311
Richmond Commercial Building Argyle Street,Richmond Commercial Building,100.0
24 Mong Kok Road,One Mong Kok Road Comm. Centre,89.65517241379311
39 Mong Kok Road,One Mong Kok Road Comm. Centre,89.65517241379311
Union Park Centre Nathan Road,Nathan Centre,100.0
48 Mong Kok Road,One Mong Kok Road Comm. Centre,89.65517241379311
Four Sea Jade Centre Canton Road,Jade Centre,100.0
Belgian Bank Building Nathan Road,Belgian Bank Building,100.0
23 Mong Kok Road,One Mong Kok Road Comm. Centre,89.65517241379311
Omega Plaza Dundas Street,Omega Plaza,100.0
Gala Place Dundas Street,Gala Place,100.0
27 Mong Kok Road,One Mong Kok Road Comm. Centre,89.65517241379311
58 Mong Kok Road,One Mong Kok Road Comm. Centre,89.65517241379311
Richmond Commercial Building,Richmond Commercial Building,100.0
Argyle Centre,Argyle Centre Phase I,100.0
Far East Consortium Mongkok Building,Far East Consortium Building (Central),87.5
King Centre ,Ho King Commercial Centre,100.0
Fu Wah Building,Fu Wah Industrial Building,100.0
Omega Plaza,Omega Plaza,100.0
Golden Eva Plaza,Golden Era Plaza,93.75
Mongkok Harbour Centre ,Harbour Centre,100.0
Hua Chiao Commercial Centre,Hua Chiao Commercial Centre,100.0
Sino Centre,Sino Centre,100.0
Ginza Plaza,Ginza Plaza,100.0
Yuen Fat Building,Yuen Fat Industrial Building,100.0
China Paint Building,China Paint Building,100.0
Nathan Centre,Nathan Centre,100.0
Lee On Building,Lee On Industrial Building,100.0
Oriental House,Pearl Oriental House,100.0
Pioneer Centre,Pioneer Centre,100.0
Pioneer Centre Shopping Mall,Pioneer Centre,100.0
Langham Place,Langham Place,100.0
Grand Tower,"Office Tower One, Grand Plaza",100.0
Excelsior Building,Excelsior Industrial Building,100.0
Sun Hing Building ,Sun Hing Industrial Building (WCH),100.0
Wing Cheong Building (Mong Kok) ,Wing On Cheong Building,93.02325581395348
Oriental House ,Pearl Oriental House,100.0
142 Lai Chi Kok Road,822 Lai Chi Kok Road,90.0
On Hong Ning Commercial Building,On Hong Commercial Building,100.0
Central Commercial Tower,Central Tower,100.0
China Paint Building Canton Road,China Building,100.0
Henley Industrial Centre Bute Street,Henley Industrial Centre,100.0
Golden Plaza - Prince Edward Nathan Road,Golden Era Plaza,85.71428571428571
Kwok Hong Building Podium Lai Chi Kok Road,822 Lai Chi Kok Road,88.88888888888889
Carprio Mansion Lai Chi Kok Road,822 Lai Chi Kok Road,88.88888888888889
I Do Centre Nathan Road,Nathan Centre,100.0
100 Lai Chi Kok Road,822 Lai Chi Kok Road,88.88888888888889
Tai Wah House Lai Chi Kok Road,822 Lai Chi Kok Road,88.88888888888889
Shing Hing Building Lai Chi Kok Road,822 Lai Chi Kok Road,88.88888888888889
Wai Hing Building,Wai Hing Factory Building,100.0
57-61 Lai Chi Kok Road,822 Lai Chi Kok Road,88.88888888888889
Yau Fung Building Lai Chi Kok Road,822 Lai Chi Kok Road,88.88888888888889
Sunbeam Plaza,Sunbeam Plaza,100.0
Po Fung Building Lai Chi Kok Road,822 Lai Chi Kok Road,88.88888888888889
Yip Kwong Industrial Building (MK),Yip Kwong Industrial Building (TKT),95.65217391304348
139-141 Lai Chi Kok Road,822 Lai Chi Kok Road,88.88888888888889
Tai Chi Building,Tai Chi Factory Building,100.0
188-190 Lai Chi Kok Road,822 Lai Chi Kok Road,88.88888888888889
134 Lai Chi Kok Road,822 Lai Chi Kok Road,88.88888888888889
137 Lai Chi Kok Road,822 Lai Chi Kok Road,88.88888888888889
King Wong Building,Wong King Industrial Building,100.0
Central Commercial Tower ,Central Tower,100.0
Kam Ming Court,Ka Ming Court,96.29629629629629
The Lamma City,Prince Edward The Lamma City,100.0
Golden Plaza - Prince Edward,Golden Era Plaza,85.71428571428571
The Edward ,Prince Edward The Lamma City,100.0
On Hong Ning Commercial Building ,On Hong Commercial Building,100.0
Hong Cheong Building Tai Nan Street,Hong Tai Building,100.0
1-5 Cheung Sha Wan Road,790-796 Cheung Sha Wan Road,90.47619047619048
109 Cheung Sha Wan Road,909 Cheung Sha Wan Road,95.65217391304348
Po Hing House Lai Chi Kok Road,822 Lai Chi Kok Road,88.88888888888889
226-242 Cheung Sha Wan Road,909 Cheung Sha Wan Road,90.47619047619048
96 Cheung Sha Wan Road,909 Cheung Sha Wan Road,93.33333333333333
Yu Wah Building Cheung Sha Wan Road,909 Cheung Sha Wan Road,90.47619047619048
158 Cheung Sha Wan Road,790-796 Cheung Sha Wan Road,90.47619047619048
Po Ho Mansion Lai Chi Kok Road,822 Lai Chi Kok Road,88.88888888888889
149 Cheung Sha Wan Road,909 Cheung Sha Wan Road,91.30434782608695
72 Cheung Sha Wan Road,790-796 Cheung Sha Wan Road,92.6829268292683
Mill Reef House Cheung Sha Wan Road,909 Cheung Sha Wan Road,90.47619047619048
Golden Shopping Centre Yen Chow Street,Golden Centre,100.0
174 Cheung Sha Wan Road,790-796 Cheung Sha Wan Road,90.47619047619048
292 Lai Chi Kok Road,822 Lai Chi Kok Road,95.0
221-225 Cheung Sha Wan Road,909 Cheung Sha Wan Road,90.47619047619048
Luen Keung Building Lai Chi Kok Road,822 Lai Chi Kok Road,88.88888888888889
206-210 Cheung Sha Wan Road,909 Cheung Sha Wan Road,90.47619047619048
64-66 Cheung Sha Wan Road,909 Cheung Sha Wan Road,90.47619047619048
Nam Wan Building Cheung Sha Wan Road,909 Cheung Sha Wan Road,90.47619047619048
178-184 Cheung Sha Wan Road,909 Cheung Sha Wan Road,90.47619047619048
Hing Yip Building,Union Hing Yip Factory Building,100.0
29 Cheung Sha Wan Road,909 Cheung Sha Wan Road,93.33333333333333
168-170 Cheung Sha Wan Road,909 Cheung Sha Wan Road,90.47619047619048
52-54 Cheung Sha Wan Road,909 Cheung Sha Wan Road,90.47619047619048
254-258 Cheung Sha Wan Road,909 Cheung Sha Wan Road,90.47619047619048
Tung Shing Court Cheung Sha Wan Road,909 Cheung Sha Wan Road,90.47619047619048
259 Cheung Sha Wan Road,909 Cheung Sha Wan Road,91.30434782608695
Fung Lin Court Lai Chi Kok Road,822 Lai Chi Kok Road,88.88888888888889
257 Cheung Sha Wan Road,790-796 Cheung Sha Wan Road,90.47619047619048
154-156 Cheung Sha Wan Road,909 Cheung Sha Wan Road,90.47619047619048
117 Cheung Sha Wan Road,790-796 Cheung Sha Wan Road,90.47619047619048
210 Lai Chi Kok Road,822 Lai Chi Kok Road,90.0
220 Lai Chi Kok Road,822 Lai Chi Kok Road,95.0
102-108 Cheung Sha Wan Road,909 Cheung Sha Wan Road,90.47619047619048
125-127 Cheung Sha Wan Road,909 Cheung Sha Wan Road,90.47619047619048
255 Cheung Sha Wan Road,790-796 Cheung Sha Wan Road,90.47619047619048
86 Cheung Sha Wan Road,790-796 Cheung Sha Wan Road,92.6829268292683
244 Cheung Sha Wan Road,790-796 Cheung Sha Wan Road,90.47619047619048
253 Cheung Sha Wan Road,790-796 Cheung Sha Wan Road,90.47619047619048
88-92 Cheung Sha Wan Road,909 Cheung Sha Wan Road,90.47619047619048
50 Cheung Sha Wan Road,909 Cheung Sha Wan Road,93.33333333333333
Lai Cheong Factory Building Castle Peak Rd,Lai Cheong Factory Building,100.0
256 Lai Chi Kok Road,822 Lai Chi Kok Road,90.0
190-192 Cheung Sha Wan Road,909 Cheung Sha Wan Road,92.0
115 Cheung Sha Wan Road,790-796 Cheung Sha Wan Road,90.47619047619048
Pao Fung Mansion Lai Chi Kok Road,822 Lai Chi Kok Road,88.88888888888889
Hung Wan Building Cheung Sha Wan Road,909 Cheung Sha Wan Road,90.47619047619048
269-273 Cheung Sha Wan Road,909 Cheung Sha Wan Road,90.47619047619048
42 Cheung Sha Wan Road,790-796 Cheung Sha Wan Road,92.6829268292683
Yiu Cheong Lung Building Lai Chi Kok Road,822 Lai Chi Kok Road,88.88888888888889
Wen Pang Bldg Lai Chi Kok Road,822 Lai Chi Kok Road,88.88888888888889
47-55 Cheung Sha Wan Road,909 Cheung Sha Wan Road,90.47619047619048
369 Lai Chi Kok Road,822 Lai Chi Kok Road,88.88888888888889
195-201 Lai Chi Kok Road,822 Lai Chi Kok Road,88.88888888888889
76-78 Cheung Sha Wan Road,909 Cheung Sha Wan Road,90.47619047619048
80-82 Cheung Sha Wan Road,909 Cheung Sha Wan Road,90.47619047619048
Golden Building,Golden Harvest Building,100.0
Diamond Building,Hong Kong Diamond Exchange Building,100.0
Cheong Wah Building ,Cheong Wah Factory Building,100.0
Hing Yip Building ,Union Hing Yip Factory Building,100.0
30 Sheung Heung Road,31 Sheung Heung Road,95.0
Sun Shing Centre Kowloon City Road,Kowloon Centre,100.0
On Lok Factory Building Ha Heung Road,On Lok Factory Building,100.0
Sky Tower Sung Wong Toi Road,92 Sung Wong Toi Road,92.3076923076923
K.K. Industrial Building Mok Cheong Street,K.K. Industrial Building,100.0
Freder Centre Mok Cheong Street,Freder Centre,100.0
2-6 Sung Wong Toi Road,92 Sung Wong Toi Road,93.02325581395348
19 Yuk Yat Street,3 Yuk Yat Street,93.33333333333333
31 Sheung Heung Road Sheung Heung Road,31 Sheung Heung Road,100.0
Acro Industrial Building Yuk Yat Street,Acro Industrial Building,100.0
Shun Wai Industrial Building Yuk Yat Street,Shun Wai Industrial Building,100.0
Cheong Wah Factory Building,Cheong Wah Factory Building,100.0
Tung Nam Factory Building,Tung Nam Factory Building,100.0
Merit Industrial Centre,Merit Industrial Centre A,100.0
Lee Wing Building,Wing Lee Industrial Building,100.0
Freder Centre,Freder Centre,100.0
111 Chai Wan Road,83 Wan Chai Road,89.65517241379311
Tak Fook Building Factory Street,Yee Tak Factory Building,90.9090909090909
Park Avenue Tower Moreton Terrace,Park Avenue Tower,100.0
Yee Wah Mansion Yee Wo Street,68 Yee Wo Street,89.65517241379311
16-18 Yee Wo Street,68 Yee Wo Street,91.42857142857143
Manhattan Avenue Queen's Road Central,8 Queen's Road Central,95.23809523809524
182 Queen's Road Central,181 Queen's Road Central,95.83333333333333
Icbc Asia Building Queen's Road Central,8 Queen's Road Central,95.23809523809524
Erba Queen's Road Central,8 Queen's Road Central,95.23809523809524
Grand Building Connaught Road Central,128 Connaught Road Central,91.66666666666667
Agricultural Bank Of China Building Connaught Road Central,China Building,100.0
14 Tin Hau Temple Road,3 Tin Hau Road,92.3076923076923
31 Tin Hau Temple Road,3 Tin Hau Road,92.3076923076923
Yat Chau Building Des Voeux Road Central,Yat Chau Building,100.0
Winbase Centre Queen's Road Central,8 Queen's Road Central,95.23809523809524
Infinitus Plaza Des Voeux Road Central,Infinitus Plaza,100.0
38 SOUTHSIDE Wong Chuk Hang Road,45 Wong Chuk Hang Road,92.6829268292683
144-146 Johnston Road,Johnston Road,100.0
212 Johnston Road,Johnston Road,100.0
86-90 Johnston Road,Johnston Road,100.0
218 Johnston Road,Johnston Road,100.0
240 Wan Chai Road,83 Wan Chai Road,89.65517241379311
162 Johnston Road,Johnston Road,100.0
Plaza 228 Wan Chai Road,83 Wan Chai Road,89.65517241379311
Tin Fai Centre Wan Chai Road,83 Wan Chai Road,89.65517241379311
Six Pacific Place Queen's Road East,One Pacific Place,86.66666666666667
47 Johnston Road,Johnston Road,100.0
230 Wan Chai Road,83 Wan Chai Road,90.9090909090909
7-9 Cheung Sha Wan Road,790-796 Cheung Sha Wan Road,92.0
310 Lai Chi Kok Road,822 Lai Chi Kok Road,88.88888888888889
932 Cheung Sha Wan Road,909 Cheung Sha Wan Road,91.30434782608695
98-100 Cheung Sha Wan Road,909 Cheung Sha Wan Road,90.47619047619048
345 Lai Chi Kok Road,822 Lai Chi Kok Road,88.88888888888889
 Lai Chi Kok Road,822 Lai Chi Kok Road,100.0
322 Lai Chi Kok Road,822 Lai Chi Kok Road,95.0
129 Cheung Sha Wan Road,909 Cheung Sha Wan Road,91.30434782608695
306 Lai Chi Kok Road,822 Lai Chi Kok Road,88.88888888888889
315 Lai Chi Kok Road,822 Lai Chi Kok Road,88.88888888888889
396 Lai Chi Kok Road,822 Lai Chi Kok Road,88.88888888888889
222-224 Lai Chi Kok Road,822 Lai Chi Kok Road,88.88888888888889
140 Lai Chi Kok Road,822 Lai Chi Kok Road,88.88888888888889
314 Lai Chi Kok Road,822 Lai Chi Kok Road,88.88888888888889
104 Lai Chi Kok Road,822 Lai Chi Kok Road,88.88888888888889
378 Lai Chi Kok Road,822 Lai Chi Kok Road,90.0
252 Cheung Sha Wan Road,790-796 Cheung Sha Wan Road,90.47619047619048
283 Lai Chi Kok Road,822 Lai Chi Kok Road,90.0
56-58 Lai Chi Kok Road,822 Lai Chi Kok Road,88.88888888888889
Efficiency House Tai Yau Street,Efficiency House,100.0
Galaxy Factory Building Luk Hop Street,Galaxy Factory Building,100.0
Wong King Industrial Building Choi Hung Road,Wong King Industrial Building,100.0
Hang Fung Industrial Building Hok Yuen Street,Hang Fung Industrial Building I,96.66666666666667
Morlite Building Hung To Road,Morlite Building,100.0
Kwun Tong Industrial Centre Phase 4 Kwun Tong Road,Kwun Tong Industrial Centre Block 4,90.625
One Harbour Square Hoi Bun Road,One Harbour Square,100.0
Lico Industrial Building Kwun Tong Road,Lico Industrial Building,100.0
25 Mong Kok Road,One Mong Kok Road Comm. Centre,89.65517241379311
21 Mong Kok Road,One Mong Kok Road Comm. Centre,89.65517241379311
Kam Ming Court Playing Field Road,Ka Ming Court,86.95652173913044
Wai Yuen Bidg Lai Chi Kok Road,822 Lai Chi Kok Road,88.88888888888889
321 Lai Chi Kok Road,822 Lai Chi Kok Road,90.0
King Fai Court Lai Chi Kok Road,822 Lai Chi Kok Road,88.88888888888889
212 Cheung Sha Wan Road,790-796 Cheung Sha Wan Road,90.47619047619048
299-303 Lai Chi Kok Road,822 Lai Chi Kok Road,88.88888888888889
112 Cheung Sha Wan Road,790-796 Cheung Sha Wan Road,90.47619047619048
Tung Nam Factory Building Ma Tau Kok Road,Tung Nam Factory Building,100.0
17 Sheung Heung Road,31 Sheung Heung Road,95.0
14-18 Sung Wong Toi Road,92 Sung Wong Toi Road,92.3076923076923
Citimark Yuen Shun Circuit,Citimark,100.0
Technology Plaza Sha Tsui Road,Technology Plaza (NP),86.48648648648648
525 Castle Peak Road,483D-483E Castle Peak Road,88.88888888888889
Kai Chi Building Lo Tak Court,Lo Tak Court,100.0
112 Castle Peak Road,483D-483E Castle Peak Road,88.88888888888889
Cheong Nin Building Kwai Chung Road,88 Kwai Cheong Road,91.42857142857143
Mei Wan Building Po Heung Street,23B Mei Wan Street,87.5
